Manuel Neuer,FC Bayern | Bundesliga,GK,90
De Gea,Manchester Utd | Barclays PL,GK,86
Thibaut Courtois,Chelsea | Barclays PL,GK,86
Petr Čech,Arsenal | Barclays PL,GK,85
Bernd Leno,Bayer 04 | Bundesliga,GK,84
Hugo Lloris,Spurs | Barclays PL,GK,84
Casillas,FC Porto | Primeira Liga,GK,84
Gianluigi Buffon,Juventus | Serie A,GK,84
Claudio Bravo,FC Barcelona | Liga BBVA,GK,83
Stéphane Ruffier,Saint-Etienne | Ligue 1,GK,83
Diego Alves,Valencia CF | Liga BBVA,GK,83
Steve Mandanda,Marseille | Ligue 1,GK,83
Samir Handanovič,Inter | Serie A,GK,83
Joe Hart,Manchester City | Barclays PL,GK,83
Jasper Cillessen,Ajax | Eredivisie,GK,82
Marc-André ter Stegen,FC Barcelona | Liga BBVA,GK,82
Kevin Trapp,PSG | Ligue 1,GK,82
Fernando Muslera,Galatasaray SK | Süper Lig,GK,82
Yann Sommer,Bor. M&#39;gladbach | Bundesliga,GK,82
Asmir Begović,Chelsea | Barclays PL,GK,82
Salvatore Sirigu,PSG | Ligue 1,GK,82
Diego López,Milan | Serie A,GK,82
Victor Valdés,Manchester Utd | Barclays PL,GK,82
Júlio César,SL Benfica | Primeira Liga,GK,82
Jan Oblak,Atlético Madrid | Liga BBVA,GK,81
Anthony Lopes,Olympique Lyon | Ligue 1,GK,81
Mattia Perin,Genoa | Serie A,GK,81
Danijel Subašić,AS Monaco | Ligue 1,GK,81
Ralf Fährmann,FC Schalke 04 | Bundesliga,GK,81
Sergio Asenjo,Villarreal CF | Liga BBVA,GK,81
Rui Patrício,Sporting CP | Primeira Liga,GK,81
Kiko Casilla,Real Madrid | Liga BBVA,GK,81
Benoît Costil,Stade Rennais | Ligue 1,GK,81
Igor Akinfeev,CSKA Moskva | Russian League,GK,81
Vincent Enyeama,LOSC Lille | Ligue 1,GK,81
Helton,FC Porto | Primeira Liga,GK,81
Diego Benaglio,VfL Wolfsburg | Bundesliga,GK,81
Moyá,Atlético Madrid | Liga BBVA,GK,81
Gabri Prestão,Fluminense | None,GK,80
Guaita,Getafe CF | Liga BBVA,GK,80
Roman Bürki,Bor. Dortmund | Bundesliga,GK,80
Onur Kıvrak,Trabzonspor | Süper Lig,GK,80
Ron-Robert Zieler,Hannover 96 | Bundesliga,GK,80
Roberto,Olympiakos CFP | Hellas Liga,GK,80
Volkan Demirel,Fenerbahçe SK | Süper Lig,GK,80
Guillermo Ochoa,Málaga CF | Liga BBVA,GK,80
Federico Marchetti,Lazio | Serie A,GK,80
Michel Vorm,Spurs | Barclays PL,GK,80
Cédric Carrasso,Bordeaux | Ligue 1,GK,80
José Reina,Napoli | Serie A,GK,80
Tim Howard,Everton | Barclays PL,GK,80
Timo Horn,1. FC Köln | Bundesliga,GK,79
Neto,Juventus | Serie A,GK,79
Keylor Navas,Real Madrid | Liga BBVA,GK,79
Wojciech Szczęsny,Roma | Serie A,GK,79
Tim Krul,Newcastle Utd | Barclays PL,GK,79
Rémy Riou,FC Nantes | Ligue 1,GK,79
Brad Guzan,Aston Villa | Barclays PL,GK,79
Andrea Consigli,Sassuolo | Serie A,GK,79
Ben Foster,West Brom | Barclays PL,GK,79
Andriy Pyatov,FC Shakhtar | Ukrayina Liha,GK,79
René Adler,Hamburger SV | Bundesliga,GK,79
Iraizoz,Athletic Bilbao | Liga BBVA,GK,79
Morgan De Sanctis,Roma | Serie A,GK,79
Roman Weidenfeller,Bor. Dortmund | Bundesliga,GK,79
FakePlayer,FUT UNICEF | FUT UNICEF,GK,78
Raphaelito Anjos,Ponte Preta | None,GK,78
Yuriy Lodygin,Zenit | Russian League,GK,78
Gerónimo Rulli,Real Sociedad | Liga BBVA,GK,78
Loris Karius,1. FSV Mainz 05 | Bundesliga,GK,78
Mathew Ryan,Valencia CF | Liga BBVA,GK,78
Adrián,West Ham | Barclays PL,GK,78
Oliver Baumann,1899 Hoffenheim | Bundesliga,GK,78
Jeroen Zoet,PSV | Eredivisie,GK,78
Orestis Karnezis,Udinese | Serie A,GK,78
Beto,Sevilla FC | Liga BBVA,GK,78
Guilherme,Lokomotiv | Russian League,GK,78
David Ospina,Arsenal | Barclays PL,GK,78
Simon Mignolet,Liverpool | Barclays PL,GK,78
Nilson,Moreirense FC | Primeira Liga,GK,78
Kenneth Vermeer,Feyenoord | Eredivisie,GK,78
Emiliano Viviano,Sampdoria | Serie A,GK,78
Itumeleng Khune,Kaizer Chiefs | South African FL,GK,78
Łukasz Fabiański,Swansea City | Barclays PL,GK,78
Willy Caballero,Manchester City | Barclays PL,GK,78
Nelsildo Reis,Atlético Paranaense | None,GK,77
Fred Aníbão,Palmeiras | Brazil Campeonato Brasileiro (1),GK,77
Matheus,SC Braga | Primeira Liga,GK,77
Agustín Marchesín,Santos Laguna | LIGA Bancomer MX,GK,77
Sven Ulreich,FC Bayern | Bundesliga,GK,77
Fabricio,RC Deportivo | Liga BBVA,GK,77
Geoffrey Jourdren,Montpellier HSC | Ligue 1,GK,77
Alfredo Talavera,Toluca | LIGA Bancomer MX,GK,77
Vyacheslav Malafeev,Zenit | Russian League,GK,77
Vladimir Gabulov,Dinamo Moskva | Russian League,GK,77
Mariano Barbosa,Villarreal CF | Liga BBVA,GK,77
Marcelo Barovero,River Plate | Primera División,GK,77
Antonio Mirante,Bologna | Serie B,GK,77
Anders Lindegaard,Manchester Utd | Barclays PL,GK,77
Julián Speroni,Crystal Palace | Barclays PL,GK,77
Stefano Sorrentino,Palermo | Serie A,GK,77
Maarten Stekelenburg,Southampton | Barclays PL,GK,77
Christian Abbiati,Milan | Serie A,GK,77
Costel Pantilimon,Sunderland | Barclays PL,GK,76
Douglas,Vit. Guimarães | Primeira Liga,GK,76
Gottardi,CD Nacional | Primeira Liga,GK,76
Thomas Kraft,Hertha BSC | Bundesliga,GK,76
Nahuel Guzmán,Tigres | LIGA Bancomer MX,GK,76
Przemysław Tytoń,VfB Stuttgart | Bundesliga,GK,76
Sergio Romero,Manchester Utd | Barclays PL,GK,76
Fraser Forster,Southampton | Barclays PL,GK,76
Daniele Padelli,Torino | Serie A,GK,76
José de Jesús Corona,Cruz Azul | LIGA Bancomer MX,GK,76
Jaroslav Drobný,Hamburger SV | Bundesliga,GK,76
Sergey Ryzhikov,Rubin Kazan | Russian League,GK,76
Iván Cuéllar,Sporting Gijón | Liga Adelante,GK,76
Andriy Dikan,FC Krasnodar | Russian League,GK,76
Andrés Fernández,Granada CF | Liga BBVA,GK,76
Tolga Zengin,Beşiktaş JK | Süper Lig,GK,76
Sebastián Saja,Racing Club | Primera División,GK,76
Agustín Orión,Boca Juniors | Primera División,GK,76
Germán Lux,RC Deportivo | Liga BBVA,GK,76
Kossi Agassa,Stade Reims | Ligue 1,GK,76
Michael Agazzi,Milan | Serie A,GK,76
Tom Starke,FC Bayern | Bundesliga,GK,76
Artur Boruc,Bournemouth | FL Championship,GK,76
Rob Green,QPR | Barclays PL,GK,76
Nick Rimando,Real Salt Lake | MLS,GK,76
Rémy Vercoutre,SM Caen | Ligue 1,GK,76
Adrianiscito,Atlético Mineiro | None,GK,75
Kaíquão Castro,Vasco da Gama | None,GK,75
Traeira Lopes,Vasco da Gama | None,GK,75
Carlos Travisso,Cruzeiro | None,GK,75
Victor Fachinhas,Santos | None,GK,75
Simão Donatinho,Internacional | None,GK,75
Sebastián Torrico,San Lorenzo | Primera División,GK,75
Marco Sportiello,Atalanta | Serie A,GK,75
Guillermo Sara,Boca Juniors | Primera División,GK,75
Anton Kanibolotskyi,FC Shakhtar | Ukrayina Liha,GK,75
José Sá,CS Marítimo | Primeira Liga,GK,75
Tomáš Vaclík,FC Basel | Raiffeisen SL,GK,75
Irureta,SD Eibar | Liga BBVA,GK,75
Ciprian Tătăruşanu,Fiorentina | Serie A,GK,75
Benjamin Lecomte,FC Lorient | Ligue 1,GK,75
Željko Brkić,Carpi | Serie B,GK,75
Francesco Bardi,RCD Espanyol | Liga BBVA,GK,75
Rafael,Napoli | Serie A,GK,75
Kim Seung Gyu,Ulsan Hyundai | K LEAGUE,GK,75
Marwin Hitz,FC Augsburg | Bundesliga,GK,75
Alex McCarthy,Crystal Palace | Barclays PL,GK,75
Volkan Babacan,Başakşehir | Süper Lig,GK,75
Wang Dalei,NG - FA | Free Agents League,GK,75
Zeng Cheng,NG - FA | Free Agents League,GK,75
Bracalli,FC Arouca | Primeira Liga,GK,75
Johny Placide,Stade Reims | Ligue 1,GK,75
Johnny Herrera,Uni. de Chile | Camp. Scotiabank,GK,75
Keiren Westwood,Sheffield Wed | FL Championship,GK,75
Javi Varas,UD Las Palmas | Liga Adelante,GK,75
Jonas Lössl,EA Guingamp | Ligue 1,GK,75
Sergio,Celta Vigo | Liga BBVA,GK,75
John Ruddy,Norwich City | FL Championship,GK,75
Kasper Schmeichel,Leicester City | Barclays PL,GK,75
Jonathan Orozco,Monterrey | LIGA Bancomer MX,GK,75
Justo Villar,Colo-Colo | Camp. Scotiabank,GK,75
Romain Salin,CS Marítimo | Primeira Liga,GK,75
Paweł Kieszek,Estoril-Praia | Primeira Liga,GK,75
Rubén,Levante UD | Liga BBVA,GK,75
David Marshall,Cardiff City | FL Championship,GK,75
Rafael,Hellas Verona | Serie A,GK,75
Toño,Rayo Vallecano | Liga BBVA,GK,75
Marco Storari,Cagliari | Serie A,GK,75
Gomes,Watford | FL Championship,GK,75
Nicolas Douchez,PSG | Ligue 1,GK,75
Carlos Idriss Kameni,Málaga CF | Liga BBVA,GK,75
Steeve Elana,LOSC Lille | Ligue 1,GK,75
Craig Gordon,Celtic | Scottish Prem,GK,75
Silvio Proto,RSC Anderlecht | Pro League,GK,75
Shay Given,Stoke City | Barclays PL,GK,75
FakePlayer,FUT UNICEF | FUT UNICEF,GK,74
Pierrino Faria,Coritiba | None,GK,74
Freder Cabral,Chapecoense | None,GK,74
Mateus Tangil,Atlético Paranaense | None,GK,74
Mauro Goicoechea,Toulouse FC | Ligue 1,GK,74
Isaac Becerra,Girona CF | Liga Adelante,GK,74
Sergio Rico,Sevilla FC | Liga BBVA,GK,74
Kepa Arrizabalaga,Real Valladolid | Liga Adelante,GK,74
Jack Butland,Stoke City | Barclays PL,GK,74
Gabriel,Napoli | Serie A,GK,74
Felix Wiedwald,Werder Bremen | Bundesliga,GK,74
Joel Robles,Everton | Barclays PL,GK,74
Herrerín,Athletic Bilbao | Liga BBVA,GK,74
Alphonse Aréola,Villarreal CF | Liga BBVA,GK,74
Sergio Padt,FC Groningen | Eredivisie,GK,74
Robbin Ruiter,FC Utrecht | Eredivisie,GK,74
Fabiano,Fenerbahçe SK | Süper Lig,GK,74
Erwin Mulder,sc Heerenveen | Eredivisie,GK,74
Ricardo,Vitória FC | Primeira Liga,GK,74
Mitchell Langerak,VfB Stuttgart | Bundesliga,GK,74
Vito Mannone,Sunderland | Barclays PL,GK,74
Kwoun Sun Tae,Jeonbuk FC | K LEAGUE,GK,74
Mariano Andújar,Napoli | Serie A,GK,74
Juan Pablo Carrizo,Inter | Serie A,GK,74
Andrey Sinitsyn,FC Krasnodar | Russian League,GK,74
Tom Heaton,Burnley | Barclays PL,GK,74
Marcelo Boeck,Sporting CP | Primeira Liga,GK,74
Alexandr Belenov,Kuban Krasnodar | Russian League,GK,74
Zydrunas Karcemarskas,Gaziantepspor | Süper Lig,GK,74
Jaime,SD Eibar | Liga BBVA,GK,74
Serkan Kırıntılı,Konyaspor | Süper Lig,GK,74
Artur Moraes,Osmanl1spor | None,GK,74
Stephan Andersen,FC København | Superliga,GK,74
Michael Rensing,F. Düsseldorf | 2. Bundesliga,GK,74
Jean-François Gillet,KV Mechelen | Pro League,GK,74
Allan McGregor,Hull City | Barclays PL,GK,74
Gerhard Tremmel,Swansea City | Barclays PL,GK,74
Albano Bizzarri,Chievo Verona | Serie A,GK,74
Sacramentinho,Coritiba | None,GK,73
Pedro Gallese,NG - FA | Free Agents League,GK,73
Warner Hahn,Feyenoord | Eredivisie,GK,73
Diego Rodríguez,Independiente | Primera División,GK,73
Stanislav Kritciuk,SC Braga | Primeira Liga,GK,73
Camilo Vargas,Atl. Nacional | Liga Postobón,GK,73
Günay Güvenç,Beşiktaş JK | Süper Lig,GK,73
Tiago Volpi,Querétaro | LIGA Bancomer MX,GK,73
Stefanos Kapino,Olympiakos CFP | Hellas Liga,GK,73
Sebastián Sosa,Pachuca | LIGA Bancomer MX,GK,73
Julián,UD Almería | Liga BBVA,GK,73
Zacharie Boucher,AJ Auxerre | Ligue 2,GK,73
Lars Unnerstall,F. Düsseldorf | 2. Bundesliga,GK,73
Jonathan Ligali,Montpellier HSC | Ligue 1,GK,73
Matz Sels,KAA Gent | Pro League,GK,73
Diego Mariño,Real Valladolid | Liga Adelante,GK,73
Bill Hamid,D.C. United | MLS,GK,73
Fabian Giefer,FC Schalke 04 | Bundesliga,GK,73
Koen Casteels,VfL Wolfsburg | Bundesliga,GK,73
Luigi Sepe,Fiorentina | Serie A,GK,73
Fehmi Mert Günok,Bursaspor | Süper Lig,GK,73
Cristopher Toselli,Uni. Católica | Camp. Scotiabank,GK,73
Etrit Berisha,Lazio | Serie A,GK,73
Eloy Room,Vitesse | Eredivisie,GK,73
Ørjan Nyland,FC Ingolstadt | 2. Bundesliga,GK,73
Yoel,Valencia CF | Liga BBVA,GK,73
Panagiotis Glykos,PAOK | Hellas Liga,GK,73
Yohann Thuram,Standard Liège | Pro League,GK,73
Ádám Bogdán,Liverpool | Barclays PL,GK,73
Javier García,Tigre | Primera División,GK,73
Adán,Real Betis | Liga Adelante,GK,73
Tobias Sippel,Bor. M&#39;gladbach | Bundesliga,GK,73
Wayne Hennessey,Crystal Palace | Barclays PL,GK,73
Hugo Ventura,Belenenses | Primeira Liga,GK,73
Anton Shunin,Dinamo Moskva | Russian League,GK,73
Cássio,Rio Ave FC | Primeira Liga,GK,73
Adam Federici,Bournemouth | FL Championship,GK,73
Cobeño,Rayo Vallecano | Liga BBVA,GK,73
Ilya Abaev,Lokomotiv | Russian League,GK,73
David Ousted,Whitecaps FC | MLS,GK,73
Cristian Campestrini,Puebla | LIGA Bancomer MX,GK,73
Moisés Muñoz,América | LIGA Bancomer MX,GK,73
Hakan Arıkan,Kayserispor | None,GK,73
Yohann Pelé,Marseille | Ligue 1,GK,73
Andreas Isaksson,Kasimpaşa SK | Süper Lig,GK,73
Luke Steele,Panathinaikos | Hellas Liga,GK,73
Nicolas Penneteau,Sp. Charleroi | Pro League,GK,73
Jussi Jääskeläinen,Wigan Athletic | FL Championship,GK,73
Manu Herrera,Real Zaragoza | Liga Adelante,GK,73
Nivo Serpinho,Fluminense | None,GK,72
Victorino Magela,Santos | None,GK,72
Jaim Abra,São Paulo | None,GK,72
Simone Scuffet,Como | None,GK,72
Fernando Monetti,Lanús | Primera División,GK,72
José Cuadrado,Once Caldas | Liga Postobón,GK,72
Ederson,SL Benfica | Primeira Liga,GK,72
Abdullah Al Enezi,Al-Nassr | ALJ League,GK,72
Paul Nardi,AS Monaco | Ligue 1,GK,72
Ahmed El Shenawy,NG - FA | Free Agents League,GK,72
Nicola Leali,Frosinone | Serie B,GK,72
Alexander Domínguez,NG - FA | Free Agents League,GK,72
Steve Clark,Columbus Crew | MLS,GK,72
Esteban Alvarado,Trabzonspor | Süper Lig,GK,72
Ali Ahamada,Toulouse FC | Ligue 1,GK,72
Mahmut Ertuğrul Taşkıran,Fenerbahçe SK | Süper Lig,GK,72
Kristoffer Nordfeldt,Swansea City | Barclays PL,GK,72
Mamadou Samassa,EA Guingamp | Ligue 1,GK,72
David Yurchenko,FC Ufa | Russian League,GK,72
Paulo Garcés,Colo-Colo | Camp. Scotiabank,GK,72
Nicolás Peric,Audax Italiano | Camp. Scotiabank,GK,72
Dušan Kuciak,Legia Warszawa | Ekstraklasa,GK,72
Wolfgang Hesl,Arminia Bielefeld | None,GK,72
Nikolay Mihaylov,Mersin | Süper Lig,GK,72
Ruud Boffin,Eskişehirspor | Süper Lig,GK,72
Cenk Gönen,Beşiktaş JK | Süper Lig,GK,72
Piet Velthuizen,Vitesse | Eredivisie,GK,72
Nukri Revishvili,Mordovia Saransk | Russian League,GK,72
Darren Randolph,West Ham | Barclays PL,GK,72
Gianluca Curci,1. FSV Mainz 05 | Bundesliga,GK,72
Oscar Ustari,Newell&#39;s | Primera División,GK,72
Mauricio Caranta,Rosario Ctral.  | Primera División,GK,72
Cirilo Saucedo,Monarcas | LIGA Bancomer MX,GK,72
Jorge Carranza,CD O&#39;Higgins | Camp. Scotiabank,GK,72
Scott Carson,Derby County | FL Championship,GK,72
Simon Pouplin,OGC Nice | Ligue 1,GK,72
Artem Rebrov,Spartak Moskva | Russian League,GK,72
Sammy Bossut,Zulte-Waregem | Pro League,GK,72
Diego,Vitória FC | Primeira Liga,GK,72
Rubinho,Juventus | Serie A,GK,72
Lukas Kruse,SC Paderborn | Bundesliga,GK,72
Gianluca Pegolo,Sassuolo | Serie A,GK,72
Boaz Myhill,West Brom | Barclays PL,GK,72
Chris Kirkland,Preston | Football League,GK,72
Luca Castellazzi,Torino | Serie A,GK,72
Alexander Manninger,FC Augsburg | Bundesliga,GK,72
João Bruiñeira,Palmeiras | Brazil Campeonato Brasileiro (1),GK,71
Luciano Cacheira,Atlético Mineiro | None,GK,71
Ernesto Hernández,Deportivo Cali | Liga Postobón,GK,71
Rodrigo Muñoz,NG - FA | Free Agents League,GK,71
Sonny Stevens,FC Twente | Eredivisie,GK,71
Bartłomiej Drągowski,Jagiellonia | Ekstraklasa,GK,71
Antony Silva,Indep. Medellín | Liga Postobón,GK,71
Leandro Castellanos,Ind. Santa Fe | Liga Postobón,GK,71
Mouez Hassen,OGC Nice | Ligue 1,GK,71
Khalid Sharahili,Al-Hilal | ALJ League,GK,71
Robin Olsen,PAOK | Hellas Liga,GK,71
Yvon Mvogo,BSC Young Boys | Raiffeisen SL,GK,71
Silviu Lung,NG - FA | Free Agents League,GK,71
Baptiste Reynet,Dijon FCO | Ligue 2,GK,71
Dirk Orlishausen,Karlsruher SC | 2. Bundesliga,GK,71
Nicolai Larsen,Aalborg BK | Superliga,GK,71
Jordi Masip,FC Barcelona | Liga BBVA,GK,71
Balázs Megyeri,Getafe CF | Liga BBVA,GK,71
Manuel Riemann,VfL Bochum | 2. Bundesliga,GK,71
Benjamin Leroy,Evian Thonon FC | Ligue 1,GK,71
Juan Carlos,Rayo Vallecano | Liga BBVA,GK,71
Sebastian Mielitz,Greuther Fürth | 2. Bundesliga,GK,71
Eugenio Lamanna,Genoa | Serie A,GK,71
Łukasz Skorupski,Empoli | Serie A,GK,71
Da Costa,Bologna | Serie B,GK,71
Dani Hernández,CD Tenerife | Liga Adelante,GK,71
Sergey Pesyakov,Anzhi Makhachkala | None,GK,71
László Köteles,KRC Genk | Pro League,GK,71
Denis Petric,ES Troyes | Ligue 2,GK,71
Martin Hansen,ADO Den Haag | Eredivisie,GK,71
David Stockdale,Brighton | FL Championship,GK,71
Luis Robles,NY Red Bulls | MLS,GK,71
Bréiner Castillo,Envigado | Liga Postobón,GK,71
Samir Ujkani,Genoa | Serie A,GK,71
Juan Carlos,Albacete | Liga Adelante,GK,71
Brad Jones,Bradford City | Football League,GK,71
Alexis Thébaux,Paris FC | None,GK,71
Sinan Bolat,Club Brugge | Pro League,GK,71
Mark Bunn,Aston Villa | Barclays PL,GK,71
Germán Montoya,Independiente | Primera División,GK,71
Casto,UD Almería | Liga BBVA,GK,71
Carl Ikeme,Wolves | FL Championship,GK,71
Dimitrios Konstantopoulos,Middlesbrough | FL Championship,GK,71
Kelvin Davis,Southampton | Barclays PL,GK,71
Ramazan Özcan,FC Ingolstadt | 2. Bundesliga,GK,71
Ali Al-Habsi,Reading | FL Championship,GK,71
Esteban,Real Oviedo | None,GK,71
Roberto,CD Lugo | Liga Adelante,GK,71
John Alvbåge,IFK Göteborg | Allsvenskan,GK,71
Francesco Benussi,Carpi | Serie B,GK,71
Jesper Hansen,SC Bastia | Ligue 1,GK,71
Andy Lonergan,Fulham | FL Championship,GK,71
Kenneth Høie,Djurgårdens IF | Allsvenskan,GK,71
Daniel Haas,Union Berlin | 2. Bundesliga,GK,71
Paulo Lopes,SL Benfica | Primeira Liga,GK,71
Ludovic Butelle,Angers SCO | Ligue 2,GK,71
Rudy Riou,OH Leuven | None,GK,71
Wiliam Santinho,Grêmio | None,GK,70
André Milazisco,Ponte Preta | None,GK,70
Salvador Ichazo,Torino | Serie A,GK,70
André Moreira,União da Madeira | None,GK,70
Ali Şaşal Vural,Eskişehirspor | Süper Lig,GK,70
Alain Baroja,NG - FA | Free Agents League,GK,70
Franco Armani,Atl. Nacional | Liga Postobón,GK,70
Felipe Núñez,CD Huachipato | Camp. Scotiabank,GK,70
Nicolás Vikonis,Millonarios FC | Liga Postobón,GK,70
Alejandro Sánchez,Nueva Chicago | None,GK,70
Markos Vellidis,NG - FA | Free Agents League,GK,70
Ivan Kelava,Udinese | Serie A,GK,70
Esteban Andrada,Sarandí | Primera División,GK,70
Alessio Cragno,Cagliari | Serie A,GK,70
Paul Delecroix,Cham. Niortais | Ligue 2,GK,70
Anton Kochenkov,Lokomotiv | Russian League,GK,70
Marco Bizot,KRC Genk | Pro League,GK,70
Harun Tekin,Bursaspor | Süper Lig,GK,70
Luis Marín,CD Palestino | Camp. Scotiabank,GK,70
Joris Delle,RC Lens | Ligue 1,GK,70
Heinz Lindner,Eint. Frankfurt | Bundesliga,GK,70
Jesús,Levante UD | Liga BBVA,GK,70
Giedrius Arlauskis,Watford | FL Championship,GK,70
Lukáš Hrádecký,Eint. Frankfurt | Bundesliga,GK,70
Marco Silvestri,Leeds United | FL Championship,GK,70
Jasmin Burić,Lech Poznań | Ekstraklasa,GK,70
Mohamed Amsif,Union Berlin | 2. Bundesliga,GK,70
Máximo Banguera,NG - FA | Free Agents League,GK,70
Péter Gulácsi,RB Leipzig | 2. Bundesliga,GK,70
Jens Grahl,1899 Hoffenheim | Bundesliga,GK,70
Oier,Real Sociedad | Liga BBVA,GK,70
Davide Bassi,Atalanta | Serie A,GK,70
Pär Hansson,Helsingborgs IF | Allsvenskan,GK,70
Jung Sung Ryong,Suwon Bluewings | K LEAGUE,GK,70
David Forde,Millwall | FL Championship,GK,70
Yuriy Zhevnov,FC Ural | Russian League,GK,70
Mikhail Kerzhakov,Zenit | Russian League,GK,70
Adam Larsen Kwarasey,Portland | MLS,GK,70
Remko Pasveer,PSV | Eredivisie,GK,70
Sebastián Viera,Junior FC | Liga Postobón,GK,70
Sergey Narubin,FC Ufa | Russian League,GK,70
Christian Puggioni,Sampdoria | Serie A,GK,70
Stephen Henderson,Charlton Ath | FL Championship,GK,70
Jean-Louis Leca,SC Bastia | Ligue 1,GK,70
Michael Gspurning,FC Schalke 04 | Bundesliga,GK,70
Michalis Sifakis,KV Kortrijk | Pro League,GK,70
Dani Giménez,Real Betis | Liga Adelante,GK,70
Davino Verhulst,Sport. Lokeren | Pro League,GK,70
Bogdan Lobonţ,Roma | Serie A,GK,70
Kim Yong Dae,FC Seoul | K LEAGUE,GK,70
Fabio Coltorti,RB Leipzig | 2. Bundesliga,GK,70
Barry Copa,Sport. Lokeren | Pro League,GK,70
Laurent Pionnier,Montpellier HSC | Ligue 1,GK,70
Charles Itandje,Çaykur Rizespor | Süper Lig,GK,70
Tomasz Kuszczak,Birmingham City | FL Championship,GK,70
Raphael Schäfer,1. FC Nuremberg | 2. Bundesliga,GK,70
Diederik Boer,Ajax | Eredivisie,GK,70
Nikos Giannakopoulos,Panathinaikos | Hellas Liga,GK,69
Martín Campaña,NG - FA | Free Agents League,GK,69
Rafael Defendi,Paços Ferreira | Primeira Liga,GK,69
Julio Chiarini,River Plate | Primera División,GK,69
Sergio Rochet,AZ | Eredivisie,GK,69
Abdulaziz Demircan,Kayserispor | None,GK,69
Fernando Pellegrino,Banfield | Primera División,GK,69
Raffaele Di Gennaro,Latina | Serie B,GK,69
Patrik Carlgren,AIK Fotboll | Allsvenskan,GK,69
Christian Mathenia,Darmstadt | 2. Bundesliga,GK,69
Walter Benítez,Quilmes | Primera División,GK,69
Pedro Carrizo,San Marcos | Camp. Scotiabank,GK,69
Ronwen Williams,NG - FA | Free Agents League,GK,69
Matthew Robert Jones,Tondela | None,GK,69
Rubén Blanco,Celta Vigo | Liga BBVA,GK,69
Mathieu Michel,Nîmes Olympique | Ligue 2,GK,69
Matías Dituro,CD Antofagasta | Camp. Scotiabank,GK,69
Cristian Bălgrădean,NG - FA | Free Agents League,GK,69
Ernestas Šetkus,Sivasspor | Süper Lig,GK,69
Davy Roef,RSC Anderlecht | Pro League,GK,69
Maxime Dupé,FC Nantes | Ligue 1,GK,69
Serantes,CD Leganés | Liga Adelante,GK,69
Marafona,Paços Ferreira | Primeira Liga,GK,69
Nick Marsman,FC Twente | Eredivisie,GK,69
Michael Esser,SK Sturm Graz | A. Bundesliga,GK,69
Colin Coosemans,KV Mechelen | Pro League,GK,69
Konstantinos Lamprou,Willem II | Eredivisie,GK,69
Mika,Boavista | Primeira Liga,GK,69
Andrea Seculin,Chievo Verona | Serie A,GK,69
Yaroslav Godzyur,Terek Grozny | Russian League,GK,69
Rafał Gikiewicz,Braunschweig | 2. Bundesliga,GK,69
Max Grün,VfL Wolfsburg | Bundesliga,GK,69
Tyler Deric,Houston Dynamo | MLS,GK,69
Lee Bum Young,Busan I&#39;Park | K LEAGUE,GK,69
André Hansen,Rosenborg BK | Tippeligaen,GK,69
Thomas Kaminski,FC København | Superliga,GK,69
William Yarbrough,Club León | LIGA Bancomer MX,GK,69
Raphael Wolf,Werder Bremen | Bundesliga,GK,69
Alberto,Sporting Gijón | Liga Adelante,GK,69
Vincenzo Fiorillo,Pescara | Serie B,GK,69
Sten Michael Grytebust,Aalesunds FK | Tippeligaen,GK,69
Danny Vukovic,Melb. Victory | A-League,GK,69
Juan Castillo,Patriotas FC | Liga Postobón,GK,69
Carlos Felipe Rodríguez,Monarcas | LIGA Bancomer MX,GK,69
Patric Klandt,SC Freiburg | Bundesliga,GK,69
Jan Zimmermann,Heidenheim | 2. Bundesliga,GK,69
Rob Elliot,Newcastle Utd | Barclays PL,GK,69
Johan Dahlin,FC Midtjylland | Superliga,GK,69
Nereo Champagne,Bahía Blanca | Primera División,GK,69
Eugene Galeković,Adelaide United | A-League,GK,69
Thomas Kessler,1. FC Köln | Bundesliga,GK,69
Melitón Hernández,Veracruz | LIGA Bancomer MX,GK,69
Federico Vilar,Tijuana | LIGA Bancomer MX,GK,69
Leo Franco,SD Huesca | None,GK,69
Juan Carlos Olave,Belgrano | Primera División,GK,69
Luca Mazzoni,Terni | Serie B,GK,69
Luis Michel,Dorados de Sinaloa | None,GK,69
Kevin Stuhr-Ellegaard,IF Elfsborg | Allsvenskan,GK,69
Lionel Cappone,Stade Lavallois | Ligue 2,GK,69
Walter Bressan,Chievo Verona | Serie A,GK,69
Damien Perquis,Valenciennes FC | Ligue 2,GK,69
Riesgo,SD Eibar | Liga BBVA,GK,69
Federico Agliardi,Cesena | Serie A,GK,69
Michael Langer,Vålerenga | Tippeligaen,GK,69
Rune Almenning Jarstein,Hertha BSC | Bundesliga,GK,69
Lee Camp,Bournemouth | FL Championship,GK,69
Espen Bugge Pettersen,Strømsgodset IF | Tippeligaen,GK,69
Håkon Opdal,Start | Tippeligaen,GK,69
Dorus de Vries,Nott&#39;m Forest | FL Championship,GK,69
Matt Gilks,Burnley | Barclays PL,GK,69
Roy Carroll,Notts County | Football League,GK,69
Gábor Király,NG - FA | Free Agents League,GK,69
Ailton Cardenhas,Internacional | None,GK,68
Kaíque Mutto,Grêmio | None,GK,68
Álex Remiro,Bilbao Athletic | None,GK,68
André Onana,Ajax | Eredivisie,GK,68
Marcos Díaz,Huracán | None,GK,68
Raúl Gudiño,FC Porto | Primeira Liga,GK,68
Jérôme Prior,Bordeaux | Ligue 1,GK,68
Miguel Jiménez,Uni. de Chile | Camp. Scotiabank,GK,68
Cristian Bonilla,La Equidad | Liga Postobón,GK,68
Luis Delgado,Cúcuta Deportivo | None,GK,68
Ricardo Jérez,Al. Petrolera | Liga Postobón,GK,68
Lucas Giovini,Unión La Calera | Camp. Scotiabank,GK,68
Mohammed Al Owais,Al-Shabab | ALJ League,GK,68
Alberto Brignoli,Sampdoria | Serie A,GK,68
Brilliant Khuzwayo,Kaizer Chiefs | South African FL,GK,68
Igor Stefanović,Moreirense FC | Primeira Liga,GK,68
Ahmed Al Kassar,Al-Raed | ALJ League,GK,68
Joel Silva,Deportes Tolima | Liga Postobón,GK,68
Mandé Sayouba,Stabæk Fotball | Tippeligaen,GK,68
Fawaz Al Qarni,Al-Ittihad | ALJ League,GK,68
Arnold Origi,Lillestrøm SK | Tippeligaen,GK,68
Matúš Putnocký,Ruch Chorzów | Ekstraklasa,GK,68
David Bingham,SJ Earthquakes | MLS,GK,68
Razak Brimah,Córdoba CF | Liga BBVA,GK,68
Raïs M&#39;Bolhi,Antalyaspor | None,GK,68
Daniel Bentley,Southend United | Football League 2,GK,68
Sergey Chepchugov,CSKA Moskva | Russian League,GK,68
Lee,Académica | Primeira Liga,GK,68
Nikolay Zabolotnyy,FC Ural | Russian League,GK,68
Rafael Romo,Udinese | Serie A,GK,68
Vid Belec,Inter | Serie A,GK,68
Karl Darlow,Newcastle Utd | Barclays PL,GK,68
Bobby Shuttleworth,New England | MLS,GK,68
Assis,Vit. Guimarães | Primeira Liga,GK,68
Andreas Luthe,VfL Bochum | 2. Bundesliga,GK,68
José Antonio Rodríguez,Guadalajara | LIGA Bancomer MX,GK,68
Leandro Chichizola,La Spezia | Serie B,GK,68
Alireza Haghighi,Rubin Kazan | Russian League,GK,68
Parfait Mandanda,Sp. Charleroi | Pro League,GK,68
Sean Johnson,Chicago Fire | MLS,GK,68
Stefan Frei,Sounders FC | MLS,GK,68
Karl-Johan Johnsson,Randers FC | Superliga,GK,68
Korcan Çelikay,Sivasspor | Süper Lig,GK,68
Simone Colombi,Palermo | Serie A,GK,68
Evgeniy Pomazan,Anzhi Makhachkala | None,GK,68
Lys Gomis,Torino | Serie A,GK,68
René,UE Llagostera | Liga Adelante,GK,68
Alex Smithies,QPR | Barclays PL,GK,68
Luis Ardente,San Martín de San Juan | None,GK,68
Guy-Roland Ndy Assembe,AS Nancy | Ligue 2,GK,68
David González,Indep. Medellín | Liga Postobón,GK,68
Thorsten Kirschbaum,1. FC Nuremberg | 2. Bundesliga,GK,68
Tally Hall,Orlando City | MLS,GK,68
Mário Felgueiras,Konyaspor | Süper Lig,GK,68
Miguel Pinto,Atlas | LIGA Bancomer MX,GK,68
David Button,Brentford | FL Championship,GK,68
Sherif Ekramy,NG - FA | Free Agents League,GK,68
Dan Kennedy,FC Dallas | MLS,GK,68
Sašo Fornezzi,Antalyaspor | None,GK,68
Philipp Tschauner,Hannover 96 | Bundesliga,GK,68
Thomas Gebauer,SV Ried | A. Bundesliga,GK,68
Shin Hwa Yong,Pohang Steelers | K LEAGUE,GK,68
Wouter Biebauw,KV Oostende | Pro League,GK,68
Antonio Rosati,Perugia | Serie B,GK,68
José Juan,CD Lugo | Liga Adelante,GK,68
Gino Coutinho,AZ | Eredivisie,GK,68
Dario Krešić,Bayer 04 | Bundesliga,GK,68
Ufuk Ceylan,Başakşehir | Süper Lig,GK,68
Alexander Walke,RB Salzburg | A. Bundesliga,GK,68
Olivier Sorin,Stade Rennais | Ligue 1,GK,68
David Martin,MK Dons | Football League,GK,68
Bram Castro,Heracles Almelo | Eredivisie,GK,68
Clément Maury,GFC Ajaccio | Ligue 2,GK,68
Stefanos Kotsolis,Panathinaikos | Hellas Liga,GK,68
Tim Wiese,1899 Hoffenheim | Bundesliga,GK,68
Johan Wiland,Malmö FF | Allsvenskan,GK,68
FakePlayer,FUT UNICEF | FUT UNICEF,GK,67
Alessandro Iengone,Brisigonza | None,GK,67
Librado Azcona,NG - FA | Free Agents League,GK,67
Yan Junling,NG - FA | Free Agents League,GK,67
Timon Wellenreuther,RCD Mallorca | Liga Adelante,GK,67
Gabriel Arias,Fl. Varela | Primera División,GK,67
Bogdan Sarnavskyi,FC Shakhtar | Ukrayina Liha,GK,67
Gabriel Castellón,Wanderers | Camp. Scotiabank,GK,67
Gibran Lajud,Tijuana | LIGA Bancomer MX,GK,67
Cican Stankovic,RB Salzburg | A. Bundesliga,GK,67
Matías Ibáñez,Lanús | Primera División,GK,67
Diego Sánchez,Unión Española | Camp. Scotiabank,GK,67
Clint Irwin,Colorado Rapids | MLS,GK,67
Abdullah Mayof,Al-Ahli | ALJ League,GK,67
Lukas Raeder,Vitória FC | Primeira Liga,GK,67
Yassine Bounou,Real Zaragoza | Liga Adelante,GK,67
Pacheco,Deport. Alavés | Liga Adelante,GK,67
Ricardo Ribeiro,Belenenses | Primeira Liga,GK,67
Koen Van Langendonck,KVC Westerlo | Pro League,GK,67
Mickey van der Hart,PEC Zwolle | Eredivisie,GK,67
Robin Himmelmann,FC St. Pauli | 2. Bundesliga,GK,67
Marius Müller,1. FC K&#39;lautern | 2. Bundesliga,GK,67
Evan Bush,Montreal Impact | MLS,GK,67
Plamen Iliev,NG - FA | Free Agents League,GK,67
André Weis,FSV Frankfurt | 2. Bundesliga,GK,67
Ján Novota,SK Rapid Wien | A. Bundesliga,GK,67
Nelson Ramos,Deportivo Pasto | Liga Postobón,GK,67
Benjamin van Leer,Roda JC Kerkrade | None,GK,67
Darren Keet,KV Kortrijk | Pro League,GK,67
Yu Sang Hun,FC Seoul | K LEAGUE,GK,67
Benjamin Kirsten,NEC | None,GK,67
David Mitov Nilsson,IFK Norrköping | Allsvenskan,GK,67
Alexander Schwolow,SC Freiburg | Bundesliga,GK,67
Joe Bendik,Toronto FC | MLS,GK,67
Stefan Ortega,1860 Munich | 2. Bundesliga,GK,67
Dinu Moldovan,SD Ponferradina | Liga Adelante,GK,67
Javi Jiménez,Elche CF | Liga BBVA,GK,67
Lee Nicholls,Wigan Athletic | FL Championship,GK,67
Abdoulaye Diallo,Stade Rennais | Ligue 1,GK,67
Danilo Russo,Vercelli | Serie B,GK,67
Hugo Suárez,NG - FA | Free Agents League,GK,67
Rubén Miño,Real Oviedo | None,GK,67
Pedro Trigueira,Académica | Primeira Liga,GK,67
Oscar Jiménez,112679 | LIGA Bancomer MX,GK,67
Carlo Pinsoglio,Livorno | Serie B,GK,67
Declan Rudd,Norwich City | FL Championship,GK,67
Alfredo Saldívar,U.N.A.M. | LIGA Bancomer MX,GK,67
Rodolfo Cota,Guadalajara | LIGA Bancomer MX,GK,67
Kristof Van Hout,KVC Westerlo | Pro League,GK,67
Renny Vega,União da Madeira | None,GK,67
Jackson Mabokgwane,NG - FA | Free Agents League,GK,67
Aleš Hruška,NG - FA | Free Agents League,GK,67
Didier Ovono Ebang,KV Oostende | Pro League,GK,67
Manu,RC Deportivo | Liga BBVA,GK,67
Jamie MacDonald,Kilmarnock | Scottish Prem,GK,67
Sergio García,Veracruz | LIGA Bancomer MX,GK,67
Eduardo Lobos,CD Cobresal | Camp. Scotiabank,GK,67
Nicolás Navarro,G. La Plata | Primera División,GK,67
Donovan Ricketts,LA Galaxy | MLS,GK,67
Robinson Zapata,Ind. Santa Fe | Liga Postobón,GK,67
Olivier Werner,FC Sochaux | Ligue 2,GK,67
Joe Lewis,Fulham | FL Championship,GK,67
Bartosz Białkowski,Ipswich Town | FL Championship,GK,67
Iven Austbø,Viking FK | Tippeligaen,GK,67
Brian Vandenbussche,KAA Gent | Pro League,GK,67
Roman Gerus,Amkar Perm | Russian League,GK,67
Luciano Palos,San Marcos | Camp. Scotiabank,GK,67
Niki Mäenpää,Brighton | FL Championship,GK,67
Alexander Lund Hansen,Rosenborg BK | Tippeligaen,GK,67
Steffen Rasmussen,Aarhus GF | None,GK,67
Christoffer Källqvist,BK Häcken | Allsvenskan,GK,67
Christofer Heimeroth,Bor. M&#39;gladbach | Bundesliga,GK,67
Luke McCormick,Plymouth Argyle | Football League 2,GK,67
Cyrille Merville,US Créteil | Ligue 2,GK,67
Eldin Jakupović,Hull City | Barclays PL,GK,67
Kevin Begois,PEC Zwolle | Eredivisie,GK,67
Ferdinando Coppola,Hellas Verona | Serie A,GK,67
Rafael de Aseiro,São Paulo | None,GK,66
Marcelinho Moraisco,Joinville | None,GK,66
Fepe Avedo,Joinville | None,GK,66
Fernando De Paul,San Luis de Quillota | None,GK,66
Hidde Jurjus,De Graafschap | None,GK,66
Pablo Campodonico,Aldosivi | None,GK,66
Federico Crivelli,Temperley | None,GK,66
Siyabonga Mpontshane,Orlando Pirates | South African FL,GK,66
Attilio Guantone,Borgocalcio | None,GK,66
Osvaldo Cabral,Águilas Doradas | Liga Postobón,GK,66
Alan Aguerre,Vélez Sarsfield | Primera División,GK,66
Rodrigo Naranjo,Depor. Iquique | Camp. Scotiabank,GK,66
Mauricio Viana,Wanderers | Camp. Scotiabank,GK,66
Nery Veloso,Unión Española | Camp. Scotiabank,GK,66
Emilijus Zubas,Podbeskidzie | Ekstraklasa,GK,66
William Dutoit,Sint-Truiden | None,GK,66
Miroslav Lobantsev,Krylya Sovetov Samara | None,GK,66
Vedran Janjetović,Sydney FC | A-League,GK,66
Gideão,Boavista | Primeira Liga,GK,66
Zlatan Alomerovic,1. FC K&#39;lautern | 2. Bundesliga,GK,66
Reyaad Pieterse,Kaizer Chiefs | South African FL,GK,66
Matt Lampson,Columbus Crew | MLS,GK,66
Joshua Smits,NEC | None,GK,66
Brighton Mhlongo,Orlando Pirates | South African FL,GK,66
Salomón Libman,NG - FA | Free Agents League,GK,66
Marcus Bettinelli,Fulham | FL Championship,GK,66
Dorronsoro,Albacete | Liga Adelante,GK,66
Duwayne Kerr,Sarpsborg | Tippeligaen,GK,66
Evgeniy Gorodov,Terek Grozny | Russian League,GK,66
Kevin Müller,Heidenheim | 2. Bundesliga,GK,66
Luuk Koopmans,PSV | Eredivisie,GK,66
Zac MacMath,Colorado Rapids | MLS,GK,66
Jeff Attinella,Real Salt Lake | MLS,GK,66
Miranda,Chievo Verona | Serie A,GK,66
Park Jun Hyuk,Seongnam FC | K LEAGUE,GK,66
Vitus Eicher,1860 Munich | 2. Bundesliga,GK,66
Tim Melia,Sporting KC | MLS,GK,66
Leonard Nienhuis,SC Cambuur | Eredivisie,GK,66
Raúl Lizoain,UD Las Palmas | Liga Adelante,GK,66
Fabien Farnolle,Le Havre AC | Ligue 2,GK,66
Dani Jiménez,AD Alcorcón | Liga Adelante,GK,66
Filip Kurto,Excelsior | Eredivisie,GK,66
Mario Fernández,CA Osasuna | Liga Adelante,GK,66
Sascha Burchert,Vålerenga | Tippeligaen,GK,66
Wojciech Kaczmarek,Podbeskidzie | Ekstraklasa,GK,66
Jason Steele,Blackburn Rvrs | FL Championship,GK,66
Soslan Dzhanaev,FC Rostov | Russian League,GK,66
Raúl Fernández,CD Mirandés | Liga Adelante,GK,66
Arild Østbø,Viking FK | Tippeligaen,GK,66
Marin Skender,SønderjyskE | Superliga,GK,66
Sébastien Bruzzese,Club Brugge | Pro League,GK,66
Andreas Lukse,SCR Altach | A. Bundesliga,GK,66
Johann Carrasso,FC Metz | Ligue 1,GK,66
Brad Knighton,New England | MLS,GK,66
Chris Seitz,FC Dallas | MLS,GK,66
Bozhidar Mitrev,NG - FA | Free Agents League,GK,66
Eray Birniçan,Kasimpaşa SK | Süper Lig,GK,66
Yves De Winter,Sint-Truiden | None,GK,66
Alfredo Frausto,Dorados de Sinaloa | None,GK,66
Massimo Zappino,Frosinone | Serie B,GK,66
Maciej Gostomski,Lech Poznań | Ekstraklasa,GK,66
Glen Moss,Well. Phoenix | A-League,GK,66
Andris Vaņins,FC Sion | Raiffeisen SL,GK,66
Manolo Reina,Nástic de Tarragona | None,GK,66
Jessy Moulin,Saint-Etienne | Ligue 1,GK,66
Santamaría,SD Ponferradina | Liga Adelante,GK,66
Mikkel Andersen,FC Midtjylland | Superliga,GK,66
Falcón,Córdoba CF | Liga BBVA,GK,66
Ben Hamer,Bristol City | Football League,GK,66
Israel Villaseñor,Puebla | LIGA Bancomer MX,GK,66
Frank Fielding,Bristol City | Football League,GK,66
Nauzet,CA Osasuna | Liga Adelante,GK,66
Robert Almer,FK Austria | A. Bundesliga,GK,66
Vincenzo Aridità,Lanciano | Serie B,GK,66
Radosław Cierzniak,Wisła Kraków | Ekstraklasa,GK,66
Enrico Guarna,Bari | Serie B,GK,66
Tomáš Černý,Partick Thistle | Scottish Prem,GK,66
Ahmet Şahin,Osmanl1spor | None,GK,66
Luciano Pocrnjic,Newell&#39;s | Primera División,GK,66
Cristian Muñoz,Uni. Concepción | Camp. Scotiabank,GK,66
Brian Murphy,Portsmouth | Football League 2,GK,66
Alejandro Palacios,U.N.A.M. | LIGA Bancomer MX,GK,66
Dean Gerken,Ipswich Town | FL Championship,GK,66
Dean Brill,Inverness CT | Scottish Prem,GK,66
Josh Saunders,NY City FC | MLS,GK,66
Florent Chaigneau,FC Lorient | Ligue 1,GK,66
Bora Körk,Akhisarspor | Süper Lig,GK,66
Bram Verbist,Roda JC Kerkrade | None,GK,66
Logan Bailly,Celtic | Scottish Prem,GK,66
Alan Mannus,St. Johnstone | Scottish Prem,GK,66
Michael Ratajczak,MSV Duisburg | None,GK,66
Lee Grant,Derby County | FL Championship,GK,66
Adam Collin,Rotherham Utd | FL Championship,GK,66
Jon Busch,Chicago Fire | MLS,GK,66
Hakan Canbazoğlu,Osmanl1spor | None,GK,65
Jailson Acuna,Figueirense | None,GK,65
Joël Drommel,FC Twente | Eredivisie,GK,65
Vaso Vasic,Grasshopper | Raiffeisen SL,GK,65
Munir,CD Numancia | Liga Adelante,GK,65
Daniel Monllor,Boavista | Primeira Liga,GK,65
Evgeniy Konyukhov,Krylya Sovetov Samara | None,GK,65
Jaume,Valencia CF | Liga BBVA,GK,65
Óscar Whalley,SD Huesca | None,GK,65
Pablo Heredia,Belgrano | Primera División,GK,65
César Rigamonti,Sarmiento | None,GK,65
Sebastián Cuerdo,CD Cobresal | Camp. Scotiabank,GK,65
Luis Martínez,Atl. Nacional | Liga Postobón,GK,65
Húber Escobar,Boyacá Chicó | Liga Postobón,GK,65
Darío Melo,CD Palestino | Camp. Scotiabank,GK,65
Eder Chaux,Boyacá Chicó | Liga Postobón,GK,65
Roberto González,CD O&#39;Higgins | Camp. Scotiabank,GK,65
Jáner Serpa,Deportes Tolima | Liga Postobón,GK,65
Sondre Løvseth Rossbach,ODD | Tippeligaen,GK,65
Sebastián López,Uniautónoma FC | Liga Postobón,GK,65
Abdullah Alsdairy,Al-Hilal | ALJ League,GK,65
Abdullah Al Auichir,Al-Fateh | ALJ League,GK,65
Dariusz Trela,Korona Kielce | Ekstraklasa,GK,65
Ryan Meara,NY City FC | MLS,GK,65
Christian Walton,Bury | Football League 2,GK,65
Hannes Þór Halldórsson,NEC | None,GK,65
Ferhat Kaplan,Gençlerbirliği | Süper Lig,GK,65
Krzysztof Baran,Jagiellonia | Ekstraklasa,GK,65
Mirko Pigliacelli,Frosinone | Serie B,GK,65
Paulo Gazzaniga,Southampton | Barclays PL,GK,65
Patrick Rakovsky,1. FC Nuremberg | 2. Bundesliga,GK,65
Brice Samba,AS Nancy | Ligue 2,GK,65
Mehdi Jeannin,Clermont Foot | Ligue 2,GK,65
Hilario Navarro,Estudiantes | Primera División,GK,65
Daniel Davari,Arminia Bielefeld | None,GK,65
Emiliano Martinez,Wolves | FL Championship,GK,65
Joe Willis,Houston Dynamo | MLS,GK,65
Ažbe Jug,Sporting CP | Primeira Liga,GK,65
Frederik Rønnow,Brøndby IF | Superliga,GK,65
Antonio Donnarumma,Genoa | Serie A,GK,65
Mejías,Middlesbrough | FL Championship,GK,65
Eray İşcan,Galatasaray SK | Süper Lig,GK,65
Jeon Sang Wook,Seongnam FC | K LEAGUE,GK,65
Guillermo Allison,Cruz Azul | LIGA Bancomer MX,GK,65
Jonathan Bond,Reading | FL Championship,GK,65
Subrata Pal,NG - FA | Free Agents League,GK,65
Jörg Siebenhandl,Admira | A. Bundesliga,GK,65
Yoo Hyun,Incheon United | K LEAGUE,GK,65
Oscar Jansson,Örebro SK | Allsvenskan,GK,65
Ramazan Köse,Kasimpaşa SK | Süper Lig,GK,65
Diego Penny,NG - FA | Free Agents League,GK,65
Kayacan Erdoğan,Kayserispor | None,GK,65
Alberto Pomini,Sassuolo | Serie A,GK,65
Mauro Vigorito,Vicenza | Serie B,GK,65
Gary Woods,Leyton Orient | Football League,GK,65
Anthony Moris,KV Mechelen | Pro League,GK,65
Matthieu Dreyer,ES Troyes | Ligue 2,GK,65
Alfonso Blanco,Pachuca | LIGA Bancomer MX,GK,65
Alexander Stolz,1899 Hoffenheim | Bundesliga,GK,65
Adam Legzdins,Birmingham City | FL Championship,GK,65
Richard O&#39;Donnell,Wigan Athletic | FL Championship,GK,65
Chris Konopka,Toronto FC | MLS,GK,65
Michael Theo,Brisbane Roar | A-League,GK,65
Alberto Pelagotti,Empoli | Serie A,GK,65
Robert Zwinkels,ADO Den Haag | Eredivisie,GK,65
Adrián Gabbarini,Argentinos Juniors | None,GK,65
Simon Eastwood,Blackburn Rvrs | FL Championship,GK,65
Ben Amos,Bolton | FL Championship,GK,65
Simone Aresti,Pescara | Serie B,GK,65
Enrique Palos,Tigres | LIGA Bancomer MX,GK,65
Alejandro Limia,Sarandí | Primera División,GK,65
Edgar Hernández,Querétaro | LIGA Bancomer MX,GK,65
Jasmin Fejzić,Braunschweig | 2. Bundesliga,GK,65
Miguel Fraga,Atlas | LIGA Bancomer MX,GK,65
Michael McGovern,Hamilton | Scottish Prem,GK,65
David Yelldell,Bayer 04 | Bundesliga,GK,65
Colin Doyle,Blackpool | FL Championship,GK,65
Yves Lenaerts,OH Leuven | None,GK,65
Ross Turnbull,Leeds United | FL Championship,GK,65
Christian Martínez,Club León | LIGA Bancomer MX,GK,65
Joan Hartock,Stade Brest | Ligue 2,GK,65
Roberto Colombo,Cagliari | Serie A,GK,65
Sören Pirson,FSV Frankfurt | 2. Bundesliga,GK,65
Krzysztof Kotorowski,Lech Poznań | Ekstraklasa,GK,65
Troy Perkins,Sounders FC | MLS,GK,65
Alex Cordaz,Crotone | Serie B,GK,65
Mariusz Pawełek,Śląsk Wrocław | Ekstraklasa,GK,65
Arkadiusz Malarz,Legia Warszawa | Ekstraklasa,GK,65
Cabrero,RCD Mallorca | Liga Adelante,GK,65
Franco Costanzo,Uni. Católica | Camp. Scotiabank,GK,65
Goitia,Deport. Alavés | Liga Adelante,GK,65
Marco Wölfli,BSC Young Boys | Raiffeisen SL,GK,65
Patrick Platins,Darmstadt | 2. Bundesliga,GK,65
Lewis Price,Sheffield Wed | FL Championship,GK,65
Joe Murphy,Huddersfield | FL Championship,GK,65
Ante Čović,Perth Glory | A-League,GK,65
Sébastien Callamand,Bourg en Bresse 01 | None,GK,64
Jhonny Da Silva,Atlético Huila | Liga Postobón,GK,64
Carlos De Giorgi,Rafaela | Primera División,GK,64
Nick Olij,AZ | Eredivisie,GK,64
Maarten de Fockert,sc Heerenveen | Eredivisie,GK,64
Alessandro Damen,Excelsior | Eredivisie,GK,64
Moslem Freej,Al-Khaleej | ALJ League,GK,64
Benjamin Bellot,RB Leipzig | 2. Bundesliga,GK,64
Pau,RCD Espanyol | Liga BBVA,GK,64
Ofir Marciano,Royal Mouscron | Pro League,GK,64
Thomas Didillon,FC Metz | Ligue 1,GK,64
Evgeniy Kobozev,Terek Grozny | Russian League,GK,64
Alexander Kofler,Wolfsberger AC | A. Bundesliga,GK,64
Andre Blake,Philadelphia | MLS,GK,64
Dawid Kudła,Pogoń Szczecin | Ekstraklasa,GK,64
Yann Kerboriou,US Créteil | Ligue 2,GK,64
Agustín Silva,Estudiantes | Primera División,GK,64
Nelson Ibáñez,Racing Club | Primera División,GK,64
Brayan Cortés,Depor. Iquique | Camp. Scotiabank,GK,64
Cristian Vargas,Atl. Nacional | Liga Postobón,GK,64
Luis Estacio,Deportivo Pasto | Liga Postobón,GK,64
Diego Novoa,La Equidad | Liga Postobón,GK,64
Anton Mitryushkin,Spartak Moskva | Russian League,GK,64
Marius Gersbeck,Hertha BSC | Bundesliga,GK,64
Marko Marić,Lechia Gdańsk | Ekstraklasa,GK,64
Thomas Strakosha,Salernitana | None,GK,64
Odisseas Vlachodimos,VfB Stuttgart | Bundesliga,GK,64
Wellington Lima,CS Marítimo | Primeira Liga,GK,64
Diamante Crispino,Como | None,GK,64
Per Kristian Bråtveit,FK Haugesund | Tippeligaen,GK,64
Timothy Nocchi,Vercelli | Serie B,GK,64
Brian Rowe,LA Galaxy | MLS,GK,64
Rui Silva,CD Nacional | Primeira Liga,GK,64
Richard Strebinger,SK Rapid Wien | A. Bundesliga,GK,64
Boy de Jong,PEC Zwolle | Eredivisie,GK,64
Fahad Al Thunayyan,Al-Hilal | ALJ League,GK,64
Hussain Shaian,Al-Nassr | ALJ League,GK,64
Christian Dobnik,Wolfsberger AC | A. Bundesliga,GK,64
Jordan Pickford,Preston | Football League,GK,64
George Long,Sheffield Utd | Football League,GK,64
Alfred Gomis,Cesena | Serie A,GK,64
Jakub Słowik,Pogoń Szczecin | Ekstraklasa,GK,64
Sam Walker,Colchester | Football League,GK,64
Laurent Henkinet,Waasl.-Beveren | Pro League,GK,64
Alexandre Letellier,Angers SCO | Ligue 2,GK,64
Franck L&#39;Hostis,Clermont Foot | Ligue 2,GK,64
Cláudio Ramos,Tondela | None,GK,64
Brian Perk,LA Galaxy | MLS,GK,64
Simon Moore,Cardiff City | FL Championship,GK,64
Marc Vidal,Toulouse FC | Ligue 1,GK,64
Aitor,Villarreal CF | Liga BBVA,GK,64
Andrew Dykstra,D.C. United | MLS,GK,64
Gudmund Taksdal Kongshavn,Tromsø IL | None,GK,64
Waleed Abdullah,Al-Shabab | ALJ League,GK,64
David Jensen,FC Nordsjælland | Superliga,GK,64
Lars Cramer,Kalmar FF | Allsvenskan,GK,64
Alex Cisak,Leyton Orient | Football League,GK,64
Joël Mall,Grasshopper | Raiffeisen SL,GK,64
Julio González,Santos Laguna | LIGA Bancomer MX,GK,64
Anthony Scribe,AC Ajaccio | Ligue 2,GK,64
Mark Howard,Sheffield Utd | Football League,GK,64
Martin Kobras,SCR Altach | A. Bundesliga,GK,64
Pavel Londak,FK Bodø/Glimt | Tippeligaen,GK,64
Bobby Olejnik,Exeter City | Football League 2,GK,64
Eric Kronberg,Montreal Impact | MLS,GK,64
Alex Valentini,FC Lugano | None,GK,64
Fabián Assmann,Quilmes | Primera División,GK,64
Kenny Steppe,Zulte-Waregem | Pro League,GK,64
Mads Toppel,Brøndby IF | Superliga,GK,64
Tommy Lee,Chesterfield | Football League,GK,64
Scott Loach,Notts County | Football League,GK,64
Alexandr Krivoruchko,Anzhi Makhachkala | None,GK,64
Josh Lillis,Rochdale | Football League,GK,64
Rui Sacramento,FC Arouca | Primeira Liga,GK,64
Biel Ribas,CD Numancia | Liga Adelante,GK,64
Nereo Fernández,Unión Santa Fe | None,GK,64
Michaël Cordier,Club Brugge | Pro League,GK,64
Christian Gratzei,SK Sturm Graz | A. Bundesliga,GK,64
Krzysztof Pilarz,Cracovia | Ekstraklasa,GK,64
Scott Brown,Aberdeen | Scottish Prem,GK,64
Kim Christensen,FC København | Superliga,GK,64
Nicolás Tauber,Nueva Chicago | None,GK,64
Dmitriy Khomich,Amkar Perm | Russian League,GK,64
Silvio Dulcich,Quilmes | Primera División,GK,64
Enrique Bologna,Banfield | Primera División,GK,64
Germano Vailati,FC Basel | Raiffeisen SL,GK,64
César Lozano,112679 | LIGA Bancomer MX,GK,64
Juan de Dios Ibarra,Monterrey | LIGA Bancomer MX,GK,64
Kwon Jeong Hyuk,GwangJu FC | None,GK,64
Arnaud Balijon,Red Star FC | None,GK,64
Barry Roche,Morecambe | Football League 2,GK,64
Per Morten Kristiansen,FK Haugesund | Tippeligaen,GK,64
Neil Alexander,Heart of Midlothian | None,GK,64
Paul Gallacher,Partick Thistle | Scottish Prem,GK,64
João Gomes,Académica | Primeira Liga,GK,63
Victor Braga,Moreirense FC | Primeira Liga,GK,63
Veysel Sapan,Beşiktaş JK | Süper Lig,GK,63
Nejc Vidmar,NG - FA | Free Agents League,GK,63
John McCarthy,Philadelphia | MLS,GK,63
Alex Meret,Udinese | Serie A,GK,63
Ivan Provedel,Modena | Serie B,GK,63
Luis Pineda,América | LIGA Bancomer MX,GK,63
Mamadou Ba,Boavista | Primeira Liga,GK,63
Sivera,Valencia CF | Liga BBVA,GK,63
Luis Vasquez,Indep. Medellín | Liga Postobón,GK,63
Jindřich Staněk,Everton | Barclays PL,GK,63
Romel Quiñonez,NG - FA | Free Agents League,GK,63
Martin Dúbravka,Esbjerg fB | Superliga,GK,63
Manuel García,Rosario Ctral.  | Primera División,GK,63
Felipe Ovono,Orlando Pirates | South African FL,GK,63
Sylvain Gbohouo,NG - FA | Free Agents League,GK,63
Jorge Broun,Colón | None,GK,63
Roberto,CD Tenerife | Liga Adelante,GK,63
Agustín Cousillas,Málaga CF | Liga BBVA,GK,63
Sebastián Moyano,Godoy Cruz | Primera División,GK,63
Alvaro Salazar,Colo-Colo | Camp. Scotiabank,GK,63
Luis Hurtado,Deportivo Cali | Liga Postobón,GK,63
Georgemy,Estoril-Praia | Primeira Liga,GK,63
Austin Guerrero,Puebla | LIGA Bancomer MX,GK,63
Daniel Heuer Fernandes,SC Paderborn | Bundesliga,GK,63
Mark Flekken,Greuther Fürth | 2. Bundesliga,GK,63
Aly Lofti,NG - FA | Free Agents League,GK,63
Stole Dimitrievski,Granada CF | Liga BBVA,GK,63
Hani Al Nahed,Al-Ittihad | ALJ League,GK,63
Pål Vestly Heigre,Tromsø IL | None,GK,63
Bernie Magaña,U.N.A.M. | LIGA Bancomer MX,GK,63
Jakob Busk,Sandefjord Fotball | None,GK,63
Faiz Al Sobea,Al-Taawoun | ALJ League,GK,63
Paolo Tornaghi,Whitecaps FC | MLS,GK,63
Andrea Sala,Terni | Serie B,GK,63
Nigel Bertrams,Willem II | Eredivisie,GK,63
Sam Johnstone,Manchester Utd | Barclays PL,GK,63
Lukas Zima,Perugia | Serie B,GK,63
Nicolas,Trapani | Serie B,GK,63
Yuriy Nesterenko,Rubin Kazan | Russian League,GK,63
Caio,Crotone | Serie B,GK,63
Michele Mangiapelo,Frosinone | Serie B,GK,63
Marco Costantino,Modena | Serie B,GK,63
Ryan Allsop,Bournemouth | FL Championship,GK,63
Mathieu Gorgelin,Olympique Lyon | Ligue 1,GK,63
Kim Min Sik,Jeonnam Dragons | K LEAGUE,GK,63
Henrik Gustavsson,Åtvidabergs FF  | Allsvenskan,GK,63
Scott Bain,Dundee FC | Scottish Prem,GK,63
Alcolea,Real Zaragoza | Liga Adelante,GK,63
Michał Miśkiewicz,Wisła Kraków | Ekstraklasa,GK,63
Samuel Radlinger,Hannover 96 | Bundesliga,GK,63
Neil Etheridge,Walsall | Football League,GK,63
Milan Lukač,Akhisarspor | Süper Lig,GK,63
Ricardo Campos,União da Madeira | None,GK,63
Marcus Sandberg,IFK Göteborg | Allsvenskan,GK,63
Sam Slocombe,Oxford United | Football League 2,GK,63
Michał Buchalik,Wisła Kraków | Ekstraklasa,GK,63
Gonzalo Marinelli,Huracán | None,GK,63
Mark Birighitti,Newcastle Jets | A-League,GK,63
Kim Ho Jun,Jeju United FC | K LEAGUE,GK,63
Daniel Offredi,Avellino | Serie B,GK,63
Miguel Ángel Centeno,Toluca | LIGA Bancomer MX,GK,63
Ilie Cebanu,Mordovia Saransk | Russian League,GK,63
Michele Arcari,Brescia | Serie B,GK,63
Liborio Sánchez,Toluca | LIGA Bancomer MX,GK,63
Jesper Rask,Hobro IK | Superliga,GK,63
Jayson Leutwiler,Shrewsbury | Football League 2,GK,63
Jamie Jones,Preston | Football League,GK,63
Jorge Villalpando,112679 | LIGA Bancomer MX,GK,63
David Da Costa,Novara | None,GK,63
Marco Knaller,SV Sandhausen | 2. Bundesliga,GK,63
Kyle Letheren,Blackpool | FL Championship,GK,63
Thorsten Stuckmann,Doncaster | Football League,GK,63
Trevor Carson,Hartlepool | Football League 2,GK,63
Chris Neal,Port Vale | Football League,GK,63
Ben Alnwick,Peterborough | Football League,GK,63
Jamie Young,Brisbane Roar | A-League,GK,63
Ryan Clarke,Northampton | Football League 2,GK,63
Quentin Westberg,Tours FC | Ligue 2,GK,63
Sebastian Nowak,Termalica Bruk-Bet Nieciecza | None,GK,63
Vincent Planté,Red Star FC | None,GK,63
Zaparain,SD Huesca | None,GK,63
Kaya Tarakcı,Konyaspor | Süper Lig,GK,63
Ben Williams,Bradford City | Football League,GK,63
Casper Ankergren,Brighton | FL Championship,GK,63
Philipp Heerwagen,FC St. Pauli | 2. Bundesliga,GK,63
Kyriakos Stamatopoulos,AIK Fotboll | Allsvenskan,GK,63
Tommaso Berni,Inter | Serie A,GK,63
Lars Hirschfeld,Vålerenga | Tippeligaen,GK,63
Richard Wright,Manchester City | Barclays PL,GK,63
Mark Tyler,Luton Town | Football League 2,GK,63
Chris Day,Stevenage | Football League 2,GK,63
Alminho Boas,Figueirense | None,GK,62
Álvaro Montero,San Lorenzo | Primera División,GK,62
Marko Dmitrović,AD Alcorcón | Liga Adelante,GK,62
Matías Castro,Unión Santa Fe | None,GK,62
Matthew Pyzdrowski,Helsingborgs IF | Allsvenskan,GK,62
Matías Giordano,Huracán | None,GK,62
Jean Butez,LOSC Lille | Ligue 1,GK,62
José Aguilera,Unión La Calera | Camp. Scotiabank,GK,62
Lucas Mocio,Olympique Lyon | Ligue 1,GK,62
Erten Ersu,Fenerbahçe SK | Süper Lig,GK,62
Ilya Pomazun,CSKA Moskva | Russian League,GK,62
No Dong Geon,Suwon Bluewings | K LEAGUE,GK,62
Jacob Rinne,Örebro SK | Allsvenskan,GK,62
Guido Guerrieri,Lazio | Serie A,GK,62
Otto Martler,Falkenbergs FF | Allsvenskan,GK,62
William Arias,Deportes Tolima | Liga Postobón,GK,62
Facundo Daffonchio,Independiente | Primera División,GK,62
Luca Lezzerini,Fiorentina | Serie A,GK,62
Jose Johan Silva,Deportivo Cali | Liga Postobón,GK,62
Luis Cárdenas,Monterrey | LIGA Bancomer MX,GK,62
Pablo Bangardino,Sarmiento | None,GK,62
Juan Leyton,Ind. Santa Fe | Liga Postobón,GK,62
Fernando Hurtado,CD Antofagasta | Camp. Scotiabank,GK,62
Stojan Lukić,Halmstads BK | Allsvenskan,GK,62
Germán Parreño,Girona CF | Liga Adelante,GK,62
Marc-Aurèle Caillard,Clermont Foot | Ligue 2,GK,62
Pedro Cavadas,Belenenses | Primeira Liga,GK,62
Kelle Roos,Rotherham Utd | FL Championship,GK,62
Lee Chang Keun,Busan I&#39;Park | K LEAGUE,GK,62
Basem Al Baqi,Al-Ahli | ALJ League,GK,62
Paul Reulet,SM Caen | Ligue 1,GK,62
Manuel Kuttin,Admira | A. Bundesliga,GK,62
Markus Kuster,SV Mattersburg | None,GK,62
Daniel Vaca,NG - FA | Free Agents League,GK,62
Paul Charruau,Valenciennes FC | Ligue 2,GK,62
Miguel Bañuz,Villarreal CF | Liga BBVA,GK,62
Harm Zeinstra,SC Cambuur | Eredivisie,GK,62
Carsten Christensen,Aalborg BK | Superliga,GK,62
Renze Fij,Heracles Almelo | Eredivisie,GK,62
Jak Alnwick,Port Vale | Football League,GK,62
Lawrence Thomas,Melb. Victory | A-League,GK,62
Benjamin Siegrist,Aston Villa | Barclays PL,GK,62
Brian Sylvestre,Philadelphia | MLS,GK,62
Alessandro Berardi,Lazio | Serie A,GK,62
Aaron McCarey,Wolves | FL Championship,GK,62
Adam Davies,Barnsley | Football League,GK,62
Moragón,UE Llagostera | Liga Adelante,GK,62
Maxime Hautbois,Stade Lavallois | Ligue 2,GK,62
Scott Fox,Ross County | Scottish Prem,GK,62
Tim Coremans,ADO Den Haag | Eredivisie,GK,62
James Shea,AFC Wimbledon | Football League 2,GK,62
Jed Steer,Aston Villa | Barclays PL,GK,62
Emil Hedvall,Gefle IF | Allsvenskan,GK,62
Rémi Pillot,KV Kortrijk | Pro League,GK,62
Eirik Holmen Johansen,NY City FC | MLS,GK,62
Ole Söderberg,Kalmar FF | Allsvenskan,GK,62
Jon McLaughlin,Burton Albion | Football League 2,GK,62
Grzegorz Sandomierski,Cracovia | Ekstraklasa,GK,62
Hugo González,América | LIGA Bancomer MX,GK,62
Peter Friis Jensen,Viborg FF | None,GK,62
Jake Kean,Norwich City | FL Championship,GK,62
Filipe Mendes,Belenenses | Primeira Liga,GK,62
Łukasz Jarosiński,Strømsgodset IF | Tippeligaen,GK,62
Aarón Fernández,Tigres | LIGA Bancomer MX,GK,62
Ben Kennedy,Newcastle Jets | A-League,GK,62
Owain Fôn Williams,Inverness CT | Scottish Prem,GK,62
Andreas Lie,Aalesunds FK | Tippeligaen,GK,62
Mateusz Bąk,Lechia Gdańsk | Ekstraklasa,GK,62
Michael Tørnes,Odense Boldklub | Superliga,GK,62
Queco Piña,CD Leganés | Liga Adelante,GK,62
Stuart Nelson,Gillingham | Football League,GK,62
Scott Flinders,York City | Football League 2,GK,62
Bora Sevim,Gaziantepspor | Süper Lig,GK,62
Yosgart Gutiérrez,U.N.A.M. | LIGA Bancomer MX,GK,62
Maurizio Pugliesi,Empoli | Serie A,GK,62
Daniel Lopar,FC St. Gallen | Raiffeisen SL,GK,62
Paul Jones,Portsmouth | Football League 2,GK,62
Tom Muyters,Excelsior | Eredivisie,GK,62
Thomas Borenitsch,SV Mattersburg | None,GK,62
Peter Jehle,FC Vaduz | Raiffeisen SL,GK,62
David Meul,Willem II | Eredivisie,GK,62
Marco Festa,Crotone | Serie B,GK,61
Gérson Damesio,Chapecoense | None,GK,61
Leandro Pestanha,Avaí | None,GK,61
Rene Swete,SV Grödig | A. Bundesliga,GK,61
Bernabé,Atlético Madrid | Liga BBVA,GK,61
Gianmarco Celeste,Sassuolo | Serie A,GK,61
Michael Zetterer,Werder Bremen | Bundesliga,GK,61
Augusto Batalla,River Plate | Primera División,GK,61
Pierre Sylvain Abogo,NG - FA | Free Agents League,GK,61
Bardaji,Real Sociedad | Liga BBVA,GK,61
José Devecchi,San Lorenzo | Primera División,GK,61
Dario Palatto,Borgocalcio | None,GK,61
Valentin Belon,RC Lens | Ligue 1,GK,61
Bingourou Kamara,Tours FC | Ligue 2,GK,61
Kevin Sousa,CD Nacional | Primeira Liga,GK,61
Muammer Yıldırım,Mersin | Süper Lig,GK,61
Rúben Dionísio,Estoril-Praia | Primeira Liga,GK,61
Julio,Real Valladolid | Liga Adelante,GK,61
Kim Kyung Min,Jeju United FC | K LEAGUE,GK,61
Silvio Rodić,Górnik Łęczna | Ekstraklasa,GK,61
David Raya,Blackburn Rvrs | FL Championship,GK,61
Rubén Yáñez,Real Madrid | Liga BBVA,GK,61
Mike Havekotte,Excelsior | Eredivisie,GK,61
Miguel Lázaro,Vitória FC | Primeira Liga,GK,61
Nicolás Rodríguez,Temperley | None,GK,61
Nelson Espinoza,Uni. de Chile | Camp. Scotiabank,GK,61
Hendrik Bonmann,Bor. Dortmund | Bundesliga,GK,61
Gregor Zabret,Swansea City | Barclays PL,GK,61
Andrés Mehring,Colón | None,GK,61
Rodrigo Rey,Godoy Cruz | Primera División,GK,61
David Reyes,San Luis de Quillota | None,GK,61
Alejandro Otero,Patriotas FC | Liga Postobón,GK,61
Jefferson Martínez,Envigado | Liga Postobón,GK,61
Jáiber Cardona,Cortuluá | None,GK,61
Timo Plattel,FC Twente | Eredivisie,GK,61
Alberto Domínguez,SD Ponferradina | Liga Adelante,GK,61
Je Jong Hyun,GwangJu FC | None,GK,61
Fabrice Ondoa,NG - FA | Free Agents League,GK,61
René Vollath,Karlsruher SC | 2. Bundesliga,GK,61
Manuel Vicentini,Sarmiento | None,GK,61
Evgeniy Frolov,Kuban Krasnodar | Russian League,GK,61
Ahmed Al Fahmi,Al Wehda (Mecca) | None,GK,61
Quentin Beunardeau,AS Nancy | Ligue 2,GK,61
Daniel Bachmann,Ross County | Scottish Prem,GK,61
Filip Bednarek,FC Utrecht | Eredivisie,GK,61
Niccolò Manfredini,Modena | Serie B,GK,61
Igor Rocha,FC Arouca | Primeira Liga,GK,61
Jakob Haugaard,Stoke City | Barclays PL,GK,61
Pol,Elche CF | Liga BBVA,GK,61
Benjamin Bertrand,Tours FC | Ligue 2,GK,61
Guillaume Hubert,Standard Liège | Pro League,GK,61
Yanick Brecher,FC Zürich | Raiffeisen SL,GK,61
Cody Cropper,MK Dons | Football League,GK,61
Joe Day,Newport County | Football League 2,GK,61
Connor Ripley,Motherwell | Scottish Prem,GK,61
Chris Kettings,Stevenage | Football League 2,GK,61
Michael Falkesgaard,Odense Boldklub | Superliga,GK,61
Jon Kempin,Sporting KC | MLS,GK,61
Jakub Szumski,Piast Gliwice | Ekstraklasa,GK,61
Yeray,UD Almería | Liga BBVA,GK,61
Kim Da Sol,Daejeon Citizen | None,GK,61
Johann Durand,Evian Thonon FC | Ligue 1,GK,61
Yasser Al Mosailem,Al-Ahli | ALJ League,GK,61
Hasan Demir,Antalyaspor | None,GK,61
Sebastián D&#39;Angelo,Tigre | Primera División,GK,61
Tomeu Nadal,Nástic de Tarragona | None,GK,61
Johannes Hopf,Gençlerbirliği | Süper Lig,GK,61
Grzegorz Kasprzik,Górnik Zabrze | Ekstraklasa,GK,61
Sinan Ören,Eskişehirspor | Süper Lig,GK,61
Jules Goda,GFC Ajaccio | Ligue 2,GK,61
Tando Velaphi,Melbourne City | A-League,GK,61
Liam Reddy,Central Coast | A-League,GK,61
Kyle Reynish,NY Red Bulls | MLS,GK,61
Benny Lekström,Tromsø IL | None,GK,61
Barry Murphy,Shamrock Rovers | Airtricity League,GK,61
Lasse Staw,FK Bodø/Glimt | Tippeligaen,GK,61
David Zibung,FC Luzern | Raiffeisen SL,GK,61
Tommy Naurin,GIF Sundsvall | None,GK,61
Brian Jensen,Mansfield Town | Football League 2,GK,61
Peter van der Vlag,FC Groningen | Eredivisie,GK,61
Glenn Morris,Gillingham | Football League,GK,61
Chris Weale,Yeovil Town | Football League,GK,61
Unai Simón,Athletic Bilbao | Liga BBVA,GK,60
Flávio Brandão,Paços Ferreira | Primeira Liga,GK,60
Andrey Lunev,FC Ufa | Russian League,GK,60
David Oliveros,Girona CF | Liga Adelante,GK,60
Gökhan Akkan,Çaykur Rizespor | Süper Lig,GK,60
Miguel Batista,Tondela | None,GK,60
Ozan Özenç,Antalyaspor | None,GK,60
Yuriy Shafinskiy,Anzhi Makhachkala | None,GK,60
Earl Edwards Jr.,Orlando City | MLS,GK,60
Wilder Mosquera,Jaguares de Córdoba | None,GK,60
Pablo Mina,Cortuluá | None,GK,60
Gil Alcalá,Querétaro | LIGA Bancomer MX,GK,60
Edvinas Gertmonas,Stade Rennais | Ligue 1,GK,60
Gurpreet Singh Sandhu,Stabæk Fotball | Tippeligaen,GK,60
Alessandro Micai,Bari | Serie B,GK,60
Marco,Paços Ferreira | Primeira Liga,GK,60
Kamil Miazek,Feyenoord | Eredivisie,GK,60
Ezequiel Viola,Bahía Blanca | Primera División,GK,60
Paul Bernardoni,ES Troyes | Ligue 2,GK,60
Nicolás Ratti,UE Llagostera | Liga Adelante,GK,60
Daniel Mesenhöler,1. FC Köln | Bundesliga,GK,60
Kim Jin Young,Pohang Steelers | K LEAGUE,GK,60
Joe Wildsmith,Sheffield Wed | FL Championship,GK,60
Magunazelaia,Real Oviedo | None,GK,60
Anders Gundersen,Sandefjord Fotball | None,GK,60
Ethan Horvath,Molde FK | Tippeligaen,GK,60
Cantero,Villarreal CF | Liga BBVA,GK,60
Casper Radza,Odense Boldklub | Superliga,GK,60
Saturnin Allagbé,Cham. Niortais | Ligue 2,GK,60
Dmitriy Arapov,FC Ural | Russian League,GK,60
Mike Maignan,LOSC Lille | Ligue 1,GK,60
Williams Buenaños,Jaguares de Córdoba | None,GK,60
Ibrahima Sy,FC Lorient | Ligue 1,GK,60
Denis Shebanov,Mordovia Saransk | Russian League,GK,60
Mirko Salvi,FC Basel | Raiffeisen SL,GK,60
Mustafa Malaika,Hajer | ALJ League,GK,60
Simon Sluga,La Spezia | Serie B,GK,60
Dejan Stojanovic,Bologna | Serie B,GK,60
Papa Demba Camara,FC Sochaux | Ligue 2,GK,60
Matt Ingram,Wycombe | Football League 2,GK,60
Andrea Tozzo,Novara | None,GK,60
Alex Cairns,Chesterfield | Football League,GK,60
Jake Gleeson,Portland | MLS,GK,60
Bryan Meredith,SJ Earthquakes | MLS,GK,60
Ben Garratt,Crewe Alexandra | Football League,GK,60
Jerrad Tyson,Perth Glory | A-League,GK,60
Marcel Lenz,MSV Duisburg | None,GK,60
Gustav Jansson,Åtvidabergs FF  | Allsvenskan,GK,60
Pau Torres,Deport. Alavés | Liga Adelante,GK,60
Mark Gillespie,Carlisle United | Football League 2,GK,60
Kevin Fickentscher,FC Sion | Raiffeisen SL,GK,60
Ali Al Mazyadi,Al-Fateh | ALJ League,GK,60
Geoffrey Lembet,AJ Auxerre | Ligue 2,GK,60
Justin Aguilar,Monterrey | LIGA Bancomer MX,GK,60
André Krul,SC Cambuur | Eredivisie,GK,60
Luke Daniels,Scunthorpe Utd | Football League,GK,60
Elliot Parish,Colchester | Football League,GK,60
Alexandre Bouchard,Paris FC | None,GK,60
Dean Bouzanis,WS Wanderers | A-League,GK,60
Alan Martin,Hamilton | Scottish Prem,GK,60
Marco van Duin,NEC | None,GK,60
Gabriele Aldegani,Pescara | Serie B,GK,60
Wojciech Skaba,Ruch Chorzów | Ekstraklasa,GK,60
Leonardo Corti,San Martín de San Juan | None,GK,60
Brendan Clarke,St. Pats | Airtricity League,GK,60
Jakub Szmatuła,Piast Gliwice | Ekstraklasa,GK,60
Vincent Demarconnay,Paris FC | None,GK,60
Gary Rogers,Dundalk | Airtricity League,GK,60
Franck Grandel,ES Troyes | Ligue 2,GK,60
Sebastian Przyrowski,Górnik Zabrze | Ekstraklasa,GK,60
Marcel Herzog,FC St. Gallen | Raiffeisen SL,GK,60
Emrah Tuncel,Akhisarspor | Süper Lig,GK,60
Anthony Favre,FC Zürich | Raiffeisen SL,GK,60
Ryan Esson,Inverness CT | Scottish Prem,GK,60
Steve Mildenhall,Bristol Rovers | None,GK,60
Graham Stack,Barnet | None,GK,60
Juanma,Elche CF | Liga BBVA,GK,59
Ameen Bukhari,Al-Ittihad | ALJ League,GK,59
Yannick Derix,Roda JC Kerkrade | None,GK,59
Valerio Semenza,Brisigonza | None,GK,59
Simon Lefebvre,Bordeaux | Ligue 1,GK,59
Anthony Maisonnial,Saint-Etienne | Ligue 1,GK,59
Eric Verstappen,De Graafschap | None,GK,59
Alberto Varo,Nástic de Tarragona | None,GK,59
Bruno Galván,Boca Juniors | Primera División,GK,59
Gastón Benítez,San Lorenzo | Primera División,GK,59
Yannik Öttl,FC Augsburg | Bundesliga,GK,59
Mickaël Scannella,Bourg en Bresse 01 | None,GK,59
Daowed Al Saed,Al Qadisiyah (Khobar) | None,GK,59
Samuele Massolo,Sampdoria | Serie A,GK,59
Oh Seung Hoon,Daejeon Citizen | None,GK,59
Vladislav Suslov,FC Rostov | Russian League,GK,59
Luis Zwick,Dundee United | Scottish Prem,GK,59
Travis Worra,D.C. United | MLS,GK,59
Zagalá,Levante UD | Liga BBVA,GK,59
Alejandro Peláez,Cruz Azul | LIGA Bancomer MX,GK,59
Alex Bono,Toronto FC | MLS,GK,59
Federico Lanzillota,Nueva Chicago | None,GK,59
Wieger Sietsma,sc Heerenveen | Eredivisie,GK,59
Ali AlAmri,Al-Ittihad | ALJ League,GK,59
Germán Caffa,Crucero del Norte | None,GK,59
David Gil,Getafe CF | Liga BBVA,GK,59
Cyriack Garel,Stade Reims | Ligue 1,GK,59
Lucas Pirard,Standard Liège | Pro League,GK,59
Ilya Lantratov,Lokomotiv | Russian League,GK,59
Tobias Knoflach,SK Rapid Wien | A. Bundesliga,GK,59
Okan Kocuk,Bursaspor | Süper Lig,GK,59
Faruk Çakır,Başakşehir | Süper Lig,GK,59
Rafael Alves,União da Madeira | None,GK,59
Jack Rose,West Brom | Barclays PL,GK,59
Raif Husic,Werder Bremen | Bundesliga,GK,59
Sergio Pérez,CD Mirandés | Liga Adelante,GK,59
Iván Villar,Celta Vigo | Liga BBVA,GK,59
Freddie Woodman,Crawley Town | Football League,GK,59
Ezequiel Unsain,Newell&#39;s | Primera División,GK,59
Marijan Ćorić,La Spezia | Serie B,GK,59
Abdulaziz Takrouni,Najran | ALJ League,GK,59
Pierre-Alex Bois,Le Havre AC | Ligue 2,GK,59
Michael Crowe,Ipswich Town | FL Championship,GK,59
Cristhian López,Santos Laguna | LIGA Bancomer MX,GK,59
Oliver Davies,Kilmarnock | Scottish Prem,GK,59
Andrzej Witan,Termalica Bruk-Bet Nieciecza | None,GK,59
Jasper Heusinkveld,De Graafschap | None,GK,59
Gonzalo Yordan,Vélez Sarsfield | Primera División,GK,59
Juan Musso,Racing Club | Primera División,GK,59
José Chunga,Junior FC | Liga Postobón,GK,59
Dan Twardzik,Motherwell | Scottish Prem,GK,59
Michael Netolitzky,1860 Munich | 2. Bundesliga,GK,59
Stefan Milosavljevic,Le Havre AC | Ligue 2,GK,59
Pierluigi Gollini,Hellas Verona | Serie A,GK,59
Julien Fabri,Bourg en Bresse 01 | None,GK,59
Faisal Al Margab,Al-Taawoun | ALJ League,GK,59
Simone Perilli,Sassuolo | Serie A,GK,59
Imanol Elías,CD Mirandés | Liga Adelante,GK,59
Thomas Vincensini,SC Bastia | Ligue 1,GK,59
Ibrahim Zaid,Al-Faisaly | ALJ League,GK,59
Florian Stritzel,Karlsruher SC | 2. Bundesliga,GK,59
Dennis,Sporting Gijón | Liga Adelante,GK,59
Christy Pym,Exeter City | Football League 2,GK,59
Rui Vieira,Rio Ave FC | Primeira Liga,GK,59
Adrian Olszewski,Termalica Bruk-Bet Nieciecza | None,GK,59
Sillero,Córdoba CF | Liga BBVA,GK,59
Jamal Blackman,Chelsea | Barclays PL,GK,59
Riffi Mandanda,AC Ajaccio | Ligue 2,GK,59
Louis Bostyn,Zulte-Waregem | Pro League,GK,59
Jesse Joronen,Stevenage | Football League 2,GK,59
Raphael Spiegel,West Ham | Barclays PL,GK,59
Mansour Al Naji,Al-Faisaly | ALJ League,GK,59
Łukasz Budziłek,Lechia Gdańsk | Ekstraklasa,GK,59
Adam Bartlett,Hartlepool | Football League 2,GK,59
Pirmin Strasser,SV Grödig | A. Bundesliga,GK,59
Zlatan Azinović,Malmö FF | Allsvenskan,GK,59
Andrew Redmayne,WS Wanderers | A-League,GK,59
Artur Krysiak,Yeovil Town | Football League,GK,59
Song Yoo Gul,Ulsan Hyundai | K LEAGUE,GK,59
Pierluigi Frattali,Avellino | Serie B,GK,59
Jon Ander,Bilbao Athletic | None,GK,59
Andrew Weber,Portland | MLS,GK,59
Mark Cousins,Dagenham | Football League 2,GK,59
Lasse Heinze,Sarpsborg | Tippeligaen,GK,59
Zbigniew Małkowski,Korona Kielce | Ekstraklasa,GK,59
Simone Farelli,Latina | Serie B,GK,59
Scott Shearer,Mansfield Town | Football League 2,GK,59
Gary Hogan,Sandefjord Fotball | None,GK,58
Nilson Alfarinho,Avaí | None,GK,58
Jannik Huth,1. FSV Mainz 05 | Bundesliga,GK,58
Nick Wolters,Roda JC Kerkrade | None,GK,58
Martin Polaček,ZagBbie Lubin | None,GK,58
Rody de Boer,ADO Den Haag | Eredivisie,GK,58
Théo Guivarc&#39;h,EA Guingamp | Ligue 1,GK,58
Tomas Gomez,SJ Earthquakes | MLS,GK,58
Agustín Rossi,Estudiantes | Primera División,GK,58
Ain Acosta Luna,Lanús | Primera División,GK,58
Seydou Sy,AS Monaco | Ligue 1,GK,58
Luke McGee,Spurs | Barclays PL,GK,58
Christian Ortag,FC Ingolstadt | 2. Bundesliga,GK,58
Craig MacGillivray,Walsall | Football League,GK,58
Esteban Salles,Tours FC | Ligue 2,GK,58
Marco Carducci,Whitecaps FC | MLS,GK,58
Yoan Cardinale,OGC Nice | Ligue 1,GK,58
Lucas Acosta,Belgrano | Primera División,GK,58
Alperen Uysal,Gaziantepspor | Süper Lig,GK,58
Charlie Horton,Leeds United | FL Championship,GK,58
Galván,CD Tenerife | Liga Adelante,GK,58
Konstantin Fuhry,SC Freiburg | Bundesliga,GK,58
Merveille Goblet,Waasl.-Beveren | Pro League,GK,58
Yair Bonnin,G. La Plata | Primera División,GK,58
Rafael Cisternas,Unión La Calera | Camp. Scotiabank,GK,58
Nicolás Avellaneda,Lanús | Primera División,GK,58
Brad Stuver,Columbus Crew | MLS,GK,58
Nick Townsend,Barnsley | Football League,GK,58
Mekhti Dzhenetov,Anzhi Makhachkala | None,GK,58
Jack Hamilton,Heart of Midlothian | None,GK,58
Andrés,RCD Espanyol | Liga BBVA,GK,58
Dimitar Evtimov,Nott&#39;m Forest | FL Championship,GK,58
Christopher Dilo,Dijon FCO | Ligue 2,GK,58
Vitaliy Gudiev,Terek Grozny | Russian League,GK,58
Alan López,Atlas | LIGA Bancomer MX,GK,58
Sami Fatha,Al Wehda (Mecca) | None,GK,58
Dale Eve,Stoke City | Barclays PL,GK,58
Christian Dibble,Barnsley | Football League,GK,58
Théo Defourny,Royal Mouscron | Pro League,GK,58
Danny Ward,Aberdeen | Scottish Prem,GK,58
Michael Schlingermann,Drogheda Utd | Airtricity League,GK,58
Jordan Archer,Millwall | FL Championship,GK,58
Paul Izzo,Central Coast | A-League,GK,58
Nick Pope,Charlton Ath | FL Championship,GK,58
Remi Matthews,Burton Albion | Football League 2,GK,58
Adam Smith,Northampton | Football League 2,GK,58
Lee Burge,Coventry City | Football League,GK,58
Sean McDermott,Start | Tippeligaen,GK,58
Konrad Forenc,ZagBbie Lubin | None,GK,58
Sam Johnson,Port Vale | Football League,GK,58
Chris Lewington,Colchester | Football League,GK,58
David Oberhauser,FC Metz | Ligue 1,GK,58
Mark Halstead,Shrewsbury | Football League 2,GK,58
Özkan Karabulut,Gençlerbirliği | Süper Lig,GK,58
Peter Abrahamsson,BK Häcken | Allsvenskan,GK,58
Jung San,Seongnam FC | K LEAGUE,GK,58
David Cornell,Oldham Athletic | Football League,GK,58
Gerard Doherty,Derry City | Airtricity League,GK,58
Rhys Taylor,Newport County | Football League 2,GK,58
Robert Lainton,Bury | Football League 2,GK,58
Luca Liverani,Salernitana | None,GK,58
Andreas Arestidou,Fleetwood Town | Football League,GK,58
Horacio Ramírez,Crucero del Norte | None,GK,58
Guillaume Faivre,FC Thun | Raiffeisen SL,GK,58
Joe Anyon,Scunthorpe Utd | Football League,GK,58
Abbas Hassan,IF Elfsborg | Allsvenskan,GK,58
Peter Cherrie,Bray Wanderers | Airtricity League,GK,58
David Lucas,Fleetwood Town | Football League,GK,58
Michael Ingham,York City | Football League 2,GK,58
Hasan Daş,Mersin | Süper Lig,GK,57
Andrea Liotti,Carpi | Serie B,GK,57
Jérémy Vachoux,RC Lens | Ligue 1,GK,57
Mert Kuleli,Çaykur Rizespor | Süper Lig,GK,57
Antonio Torres,Guadalajara | LIGA Bancomer MX,GK,57
David Mitchell,Dundee FC | Scottish Prem,GK,57
Nikolai Rehnen,Arminia Bielefeld | None,GK,57
Axel Salhi,FC Sion | Raiffeisen SL,GK,57
Wuilker Fariñez,NG - FA | Free Agents League,GK,57
Dimitry Bertaud,Montpellier HSC | Ligue 1,GK,57
Namory Diomande,NG - FA | Free Agents League,GK,57
Janik Schilder,FC Schalke 04 | Bundesliga,GK,57
Timur Akmurzin,Rubin Kazan | Russian League,GK,57
Matias Vega,Aldosivi | None,GK,57
Denis Kavlinov,FC Krasnodar | Russian League,GK,57
Thibaut Rausin,Royal Mouscron | Pro League,GK,57
Igor Leschuk,Dinamo Moskva | Russian League,GK,57
Tim Markström,Hammarby IF | None,GK,57
Fernando Lugo,Tigre | Primera División,GK,57
Daniele Sommariva,Genoa | Serie A,GK,57
Muteb Sharahili,Al-Nassr | ALJ League,GK,57
Yannick Zummack,Eint. Frankfurt | Bundesliga,GK,57
Steve Kroll,Union Berlin | 2. Bundesliga,GK,57
David Soria,Sevilla FC | Liga BBVA,GK,57
Sam Beasant,Cambridge Utd | Football League 2,GK,57
Sergiusz Prusak,Górnik Łęczna | Ekstraklasa,GK,57
Yunus Emre Kırdal,Çaykur Rizespor | Süper Lig,GK,57
Han Yoo Sung,Jeonnam Dragons | K LEAGUE,GK,57
Roberto Ramírez,Godoy Cruz | Primera División,GK,57
Ryan Huddart,Arsenal | Barclays PL,GK,57
Carlos Chávez,Uniautónoma FC | Liga Postobón,GK,57
Anthony Mandrea,OGC Nice | Ligue 1,GK,57
Pedro,Real Betis | Liga Adelante,GK,57
Stefano Minelli,Brescia | Serie B,GK,57
Felix Dornebusch,VfL Bochum | 2. Bundesliga,GK,57
Ögmundur Kristinsson,Hammarby IF | None,GK,57
Mediavilla,SD Eibar | Liga BBVA,GK,57
Ryan Scully,Partick Thistle | Scottish Prem,GK,57
Michael Brouwer,Heracles Almelo | Eredivisie,GK,57
Alvaro Sáenz-Laguna,CD Huachipato | Camp. Scotiabank,GK,57
Cameron Dawson,Sheffield Wed | FL Championship,GK,57
Carlos Abella,Atlético Huila | Liga Postobón,GK,57
Joaquín Muñoz,Audax Italiano | Camp. Scotiabank,GK,57
Lawrence Vigouroux,Swindon Town | Football League,GK,57
Bo Geens,Sport. Lokeren | Pro League,GK,57
Sebastián Giovini,Argentinos Juniors | None,GK,57
Jannis Pellowski,FSV Frankfurt | 2. Bundesliga,GK,57
Assaf Al Garni,Al-Ittihad | ALJ League,GK,57
Quillan Roberts,Toronto FC | MLS,GK,57
Philipp Kühn,SV Sandhausen | 2. Bundesliga,GK,57
Jason Mooney,Accrington | Football League 2,GK,57
Freddy Hall,Limerick | Airtricity League,GK,57
Alexander Lundin,Falkenbergs FF | Allsvenskan,GK,57
Marc McCallum,Dundee United | Scottish Prem,GK,57
Reice Charles-Cook,Coventry City | Football League,GK,57
Yusuf Mersin,Kasimpaşa SK | Süper Lig,GK,57
Alexander Nadj,BK Häcken | Allsvenskan,GK,57
Lalo Fernández,Real Salt Lake | MLS,GK,57
Gilles Lentz,KV Kortrijk | Pro League,GK,57
Hong Jeong Nam,Jeonbuk FC | K LEAGUE,GK,57
Dean Lyness,Burton Albion | Football League 2,GK,57
Rene Gilmartin,Watford | FL Championship,GK,57
Sebastian Brandner,SCR Altach | A. Bundesliga,GK,57
Lorenzo Bucchi,FC Luzern | Raiffeisen SL,GK,57
Mark McNulty,Cork City | Airtricity League,GK,57
Richard Brush,Sligo Rovers | Airtricity League,GK,57
Dean Delany,Bohemians FC | Airtricity League,GK,57
İsmail Çipe,Galatasaray SK | Süper Lig,GK,56
Fabrizio Alastra,Palermo | Serie A,GK,56
Teixe Gaúcho,Cruzeiro | None,GK,56
Louis Deschateaux,SM Caen | Ligue 1,GK,56
Christian Maimone,Como | None,GK,56
Vitaliy Shilnikov,Krylya Sovetov Samara | None,GK,56
Arthur Desmas,Cham. Niortais | Ligue 2,GK,56
Eryin Sanhueza,Audax Italiano | Camp. Scotiabank,GK,56
Adrián Zendejas,Tijuana | LIGA Bancomer MX,GK,56
Mansour Jawhar,Al-Shabab | ALJ League,GK,56
Evgeniy Goshev,FC Rostov | Russian League,GK,56
Dobrijov Rusov,Piast Gliwice | Ekstraklasa,GK,56
Jorge Soto,Deportivo Pasto | Liga Postobón,GK,56
Pablo Benitez,Uni. Concepción | Camp. Scotiabank,GK,56
Diego Figueroa,Wanderers | Camp. Scotiabank,GK,56
Diego Martínez,Jaguares de Córdoba | None,GK,56
Leandro De Bórtoli,Temperley | None,GK,56
Dani Lorenzo,UD Las Palmas | Liga Adelante,GK,56
Tom King,Millwall | FL Championship,GK,56
Connal Trueman,Birmingham City | FL Championship,GK,56
Ali Al Ahsaei,Al-Khaleej | ALJ League,GK,56
Eddi Gava,Terni | Serie B,GK,56
Emirhan Lüle,Akhisarspor | Süper Lig,GK,56
Jack Ruddy,Bury | Football League 2,GK,56
Dilan Nicoletti,Tijuana | LIGA Bancomer MX,GK,56
Julian Pollersbeck,1. FC K&#39;lautern | 2. Bundesliga,GK,56
Anthony Kasparian,Nîmes Olympique | Ligue 2,GK,56
Timo Königsmann,Hannover 96 | Bundesliga,GK,56
Jean Chopin,KV Oostende | Pro League,GK,56
Guillermo,CD Numancia | Liga Adelante,GK,56
Francois-Joseph Sollacaro,AC Ajaccio | Ligue 2,GK,56
Pizana,Albacete | Liga Adelante,GK,56
Nikita Khaikin,Kuban Krasnodar | Russian League,GK,56
Michael Lisch,Houston Dynamo | MLS,GK,56
John Berner,Colorado Rapids | MLS,GK,56
Ludwig Bergström,Åtvidabergs FF  | Allsvenskan,GK,56
Viljar Myhra,ODD | Tippeligaen,GK,56
Joel Coleman,Oldham Athletic | Football League,GK,56
Osman Hadzikic,FK Austria | A. Bundesliga,GK,56
Alexis Martín,G. La Plata | Primera División,GK,56
Francesco Ruberto,FC Thun | Raiffeisen SL,GK,56
Jonathan Mitchell,Derby County | FL Championship,GK,56
Nick Gillekens,OH Leuven | None,GK,56
Cristián Guerra,Unión Española | Camp. Scotiabank,GK,56
Gauthier Gallon,Nîmes Olympique | Ligue 2,GK,56
Jesse Gonzalez,FC Dallas | MLS,GK,56
Aleksandr Selikhov,Amkar Perm | Russian League,GK,56
Enzo Basilio,Dijon FCO | Ligue 2,GK,56
Riccardo Melgrati,Vercelli | Serie B,GK,56
Charlie Grainger,Leyton Orient | Football League,GK,56
Andreas Hirzel,Hamburger SV | Bundesliga,GK,56
Jack Duncan,Randers FC | Superliga,GK,56
Jonathan Henly,Ipswich Town | FL Championship,GK,56
Andreas Linde,Molde FK | Tippeligaen,GK,56
Max Crocombe,Oxford United | Football League 2,GK,56
Craig Hyland,Shamrock Rovers | Airtricity League,GK,56
Lloyd Allinson,Huddersfield | FL Championship,GK,56
Liam O&#39;Brien,Dagenham | Football League 2,GK,56
Hampus Nilsson,Djurgårdens IF | Allsvenskan,GK,56
Gabriel Sava,Dundalk | Airtricity League,GK,56
Jesús García,Dorados de Sinaloa | None,GK,56
Fahad Al Shammari,Al-Raed | ALJ League,GK,56
James Bittner,Plymouth Argyle | Football League 2,GK,56
Ivar Andreas Forn,Mjøndalen IF | None,GK,56
Steve Collis,Rochdale | Football League,GK,56
Marcin Michalak,Górnik Zabrze | Ekstraklasa,GK,55
Victor Gálvez,CD O&#39;Higgins | Camp. Scotiabank,GK,55
Alan Chaparro,San Luis de Quillota | None,GK,55
Jair Mosquera,Junior FC | Liga Postobón,GK,55
Juan García,Veracruz | LIGA Bancomer MX,GK,55
Tim Wiesner,F. Düsseldorf | 2. Bundesliga,GK,55
Rafał Leszczyński,Piast Gliwice | Ekstraklasa,GK,55
Marcel Engelhardt,Braunschweig | 2. Bundesliga,GK,55
Joo Jeong Woo,GwangJu FC | None,GK,55
Nicolas Lemaître,Stade Reims | Ligue 1,GK,55
Charlie Lyon,Sounders FC | MLS,GK,55
Nicola Sambo,La Spezia | Serie B,GK,55
Stijn Jeurissen,KVC Westerlo | Pro League,GK,55
Dimitar Mitov,Charlton Ath | FL Championship,GK,55
Federico Serraiocco,Brescia | Serie B,GK,55
Alex Campos,Rayo Vallecano | Liga BBVA,GK,55
James Bransgrove,Colchester | Football League,GK,55
Guillaume Lesec,Stade Lavallois | Ligue 2,GK,55
Lee Sang Wook,Suwon Bluewings | K LEAGUE,GK,55
Trevor Spangenberg,New England | MLS,GK,55
Callum Burton,Shrewsbury | Football League 2,GK,55
Ignacio Lovera,Colón | None,GK,55
Ignacio Torres,Bahía Blanca | Primera División,GK,55
Emil Balayev,Eint. Frankfurt | Bundesliga,GK,55
Ted Smith,Southend United | Football League 2,GK,55
Alexander Schlager,SV Grödig | A. Bundesliga,GK,55
Axel Werner,Rafaela | Primera División,GK,55
Luis Sotomayor,Depor. Iquique | Camp. Scotiabank,GK,55
David Richards,Crewe Alexandra | Football League,GK,55
Kevin Piedrahita,Águilas Doradas | Liga Postobón,GK,55
Stephen McGuinness,Bray Wanderers | Airtricity League,GK,55
Santiago Castano,NY Red Bulls | MLS,GK,55
Abdullah Al Jadani,Najran | ALJ League,GK,55
Lewis Italiano,Well. Phoenix | A-League,GK,55
Liam Roberts,Walsall | Football League,GK,55
Tyrell Belford,Swindon Town | Football League,GK,55
Ivan Lucic,FC Bayern | Bundesliga,GK,55
Angelo Casadei,Lanciano | Serie B,GK,55
Chris Maxwell,Fleetwood Town | Football League,GK,55
Suliman Sofyani,Al-Faisaly | ALJ League,GK,55
Khalid Radhy,Hajer | ALJ League,GK,55
Ben Wilson,Cardiff City | FL Championship,GK,55
Jamie Stephens,Barnet | None,GK,55
Oliver Klaus,FC Vaduz | Raiffeisen SL,GK,55
Gerard Hanley,Galway United | None,GK,55
Chris Dunn,Cambridge Utd | Football League 2,GK,55
Will Puddy,Bristol Rovers | None,GK,55
Sasa Sjanic,Gefle IF | Allsvenskan,GK,55
Francesco Russo,FC Lugano | None,GK,55
Jonas Jensen,Esbjerg fB | Superliga,GK,55
Paul Smith,Southend United | Football League 2,GK,55
Ciarán Kelly,Sligo Rovers | Airtricity League,GK,55
Johan Hagman,IFK Göteborg | Allsvenskan,GK,54
Markus Schöller,SV Ried | A. Bundesliga,GK,54
Pablo Cacharrón,CD Lugo | Liga Adelante,GK,54
Julian Rosenstingl,SV Mattersburg | None,GK,54
Miguel Vargas,Cúcuta Deportivo | None,GK,54
Miguel Vargas,Uni. Católica | Camp. Scotiabank,GK,54
Airton,RB Salzburg | A. Bundesliga,GK,54
Dieter Creemers,Sport. Lokeren | Pro League,GK,54
Karl Westdahl,Örebro SK | Allsvenskan,GK,54
Emil Velic,Sint-Truiden | None,GK,54
Søren Bebensee,Randers FC | Superliga,GK,54
Camilo Acero,Cortuluá | None,GK,54
Markus Stige,Sarpsborg | Tippeligaen,GK,54
Jeff Barria,CD Cobresal | Camp. Scotiabank,GK,54
Thomas Hadler,Gillingham | Football League,GK,54
Sultan Al Shammari,Hajer | ALJ League,GK,54
Marco Priis Jørgensen,Mjøndalen IF | None,GK,54
Leonardo Figueroa,Uni. Concepción | Camp. Scotiabank,GK,54
Krystian Stępniowski,Cracovia | Ekstraklasa,GK,54
Alex Palmer,West Brom | Barclays PL,GK,54
Alexander Nübel,FC Schalke 04 | Bundesliga,GK,54
Tobias Schützenauer,SK Sturm Graz | A. Bundesliga,GK,54
Joe McDonnell,AFC Wimbledon | Football League 2,GK,54
Zacarías López,San Marcos | Camp. Scotiabank,GK,54
Alan Cortés,CD Antofagasta | Camp. Scotiabank,GK,54
Jens Rinke,SønderjyskE | Superliga,GK,54
Simon Manzoni,Admira | A. Bundesliga,GK,54
Pier Luigi Grazziani,Al. Petrolera | Liga Postobón,GK,54
Marko Maroši,Doncaster | Football League,GK,54
Johan Brattberg,Falkenbergs FF | Allsvenskan,GK,54
James Hamon,Exeter City | Football League 2,GK,54
Ali Hasen,Al-Faisaly | ALJ League,GK,54
Ahmed Al Moshawah,Al-Raed | ALJ League,GK,54
Timothy Dieng,Grasshopper | Raiffeisen SL,GK,54
Christopher Dauphin,ES Troyes | Ligue 2,GK,54
Kamil Lech,Ruch Chorzów | Ekstraklasa,GK,54
Ed Wilczynski,Huddersfield | FL Championship,GK,54
Iván Arboleda,Banfield | Primera División,GK,54
Juan David Valencia,Águilas Doradas | Liga Postobón,GK,54
Alex Lynch,Wycombe | Football League 2,GK,54
Ramiro Sánchez,Millonarios FC | Liga Postobón,GK,54
Ben Killip,Norwich City | FL Championship,GK,54
Maxime Crépeau,Montreal Impact | MLS,GK,54
Ryan Boot,Port Vale | Football League,GK,54
Anthony Bouzanis,Sydney FC | A-League,GK,54
Tony Thompson,Morecambe | Football League 2,GK,54
Mohammed Al Gomaish,Al-Fateh | ALJ League,GK,54
Dan Hanford,Carlisle United | Football League 2,GK,54
Richard Marcone,Vicenza | Serie B,GK,54
Paul Hunt,Longford Town | None,GK,54
Filippo Lombardi,Bologna | Serie B,GK,54
Paul Skinner,Longford Town | None,GK,54
César Ríos,Club León | LIGA Bancomer MX,GK,54
Scott Gallacher,Heart of Midlothian | None,GK,54
Pablo Santillo,Fl. Varela | Primera División,GK,54
Dominik Mucha,Górnik Łęczna | Ekstraklasa,GK,53
Zoran Akovic,Gefle IF | Allsvenskan,GK,53
Artur Marzec,Korona Kielce | Ekstraklasa,GK,53
Sven Ullrich,Heidenheim | 2. Bundesliga,GK,53
Rick Wulle,SV Sandhausen | 2. Bundesliga,GK,53
Alessio Bellante,FC Lugano | None,GK,53
Federico Frattini,Como | None,GK,53
Dario Marzino,BSC Young Boys | Raiffeisen SL,GK,53
Mohammed Al Omran,Hajer | ALJ League,GK,53
Jim Freid,FC St. Gallen | Raiffeisen SL,GK,53
Patrick Pentz,FK Austria | A. Bundesliga,GK,53
Oscar Jonsson,Djurgårdens IF | Allsvenskan,GK,53
Tommy Holland,Limerick | Airtricity League,GK,53
Mouhamadou Sarr,Bologna | Serie B,GK,53
Juan Mendonca,Crucero del Norte | None,GK,53
Marko Johansson,Malmö FF | Allsvenskan,GK,53
Samu Casado,Málaga CF | Liga BBVA,GK,53
Lorenzo Andrenacci,Brescia | Serie B,GK,53
John Håkansson,Kalmar FF | Allsvenskan,GK,53
Alex Bass,Portsmouth | Football League 2,GK,53
Valentin Baume,Sp. Charleroi | Pro League,GK,53
Reuf Durakovic,SV Ried | A. Bundesliga,GK,53
Sebastian Madejski,Podbeskidzie | Ekstraklasa,GK,53
Svend Brodersen,FC St. Pauli | 2. Bundesliga,GK,53
Sebastian John,Viborg FF | None,GK,53
Ali Abass,Limerick | Airtricity League,GK,53
Andrea Fulignati,Trapani | Serie B,GK,53
Andrey Timofeev,FC Ural | Russian League,GK,53
Mohammed Al Waked,Al-Hilal | ALJ League,GK,53
Franco Collado,CD Huachipato | Camp. Scotiabank,GK,53
Aaron Chapman,Bristol Rovers | None,GK,53
Sergio Avellaneda,Cúcuta Deportivo | None,GK,53
William Cuesta,La Equidad | Liga Postobón,GK,53
Santiago Londoño,Envigado | Liga Postobón,GK,53
Edvard Setterberg,IFK Norrköping | Allsvenskan,GK,53
Oskar Larsson,Gefle IF | Allsvenskan,GK,53
Steven James,Preston | Football League,GK,53
Néstor,Celta Vigo | Liga BBVA,GK,53
Nasser Al Saieri,Najran | ALJ League,GK,53
Mats Mørch,Derby County | FL Championship,GK,53
Karanjit Singh,NG - FA | Free Agents League,GK,53
Malkolm Nilsson,Halmstads BK | Allsvenskan,GK,53
Ross Fitzsimons,Bolton | FL Championship,GK,53
Joe Cracknell,Bradford City | Football League,GK,53
Lukas Fernandes,Aarhus GF | None,GK,53
Patrick Jennings,St. Pats | Airtricity League,GK,53
Gautier Larsonneur,Stade Brest | Ligue 2,GK,52
Tommaso Bianco,Avellino | Serie B,GK,52
Andreas Vaikla,IFK Norrköping | Allsvenskan,GK,52
Mirko Ronchi,Salernitana | None,GK,52
Oscar Linnér,AIK Fotboll | Allsvenskan,GK,52
Yazeed Al Sayyah,Al-Taawoun | ALJ League,GK,52
Choi Bong Jin,GwangJu FC | None,GK,52
Lee Stacey,Bohemians FC | Airtricity League,GK,52
Facundo Altamirano,Banfield | Primera División,GK,52
Andrew Wolverton,LA Galaxy | MLS,GK,52
Tim Erlandsson,Nott&#39;m Forest | FL Championship,GK,52
Callum Preston,Crawley Town | Football League,GK,52
Michał Lewandowski,Crotone | Serie B,GK,52
Diego Tapia,San Marcos | Camp. Scotiabank,GK,52
Victor De Lucia,Frosinone | Serie B,GK,52
Krzysztof Karpieszuk,Jagiellonia | Ekstraklasa,GK,52
Jordan Thurtell,Perth Glory | A-League,GK,52
Conor Mitchell,Burnley | Barclays PL,GK,52
Kevin O&#39;Brien,Cork City | Airtricity League,GK,52
Mohammed Al Qasem,Al-Faisaly | ALJ League,GK,52
Sergio Román,Once Caldas | Liga Postobón,GK,52
Leo Fasan,Celtic | Scottish Prem,GK,52
Nils-Jonathan Körber,Hertha BSC | Bundesliga,GK,52
Marc Waters,Partick Thistle | Scottish Prem,GK,52
Jakub Wrąbel,Śląsk Wrocław | Ekstraklasa,GK,52
Abdullah Al Ghamdi,Al-Taawoun | ALJ League,GK,52
Park Ju Won,Daejeon Citizen | None,GK,52
Lucas Hägg-Johansson,Kalmar FF | Allsvenskan,GK,52
Matteo Ricci,Livorno | Serie B,GK,52
Conor Winn,Galway United | None,GK,52
Ryan Coulter,Sligo Rovers | Airtricity League,GK,52
Darren Hill,Hamilton | Scottish Prem,GK,52
Artur Haluch,Legia Warszawa | Ekstraklasa,GK,51
Harry Campbell,Bolton | FL Championship,GK,51
Adrian Jonuzi Møller,Vålerenga | Tippeligaen,GK,51
Adam Wilk,Cracovia | Ekstraklasa,GK,51
Peter Tait,Ross County | Scottish Prem,GK,51
Faisal Almasrhi,Al Qadisiyah (Khobar) | None,GK,51
Daniel Iversen,Esbjerg fB | Superliga,GK,51
Myles Boney,Blackpool | FL Championship,GK,51
Cameron MacKay,Inverness CT | Scottish Prem,GK,51
Amund Wichne,Viking FK | Tippeligaen,GK,51
Jonathan Malmberg,GIF Sundsvall | None,GK,51
Daniel Hoban,Inverness CT | Scottish Prem,GK,51
Myles Wright,Chesterfield | Football League,GK,51
Brayan Silva,Millonarios FC | Liga Postobón,GK,51
Matteo Pisseri,Terni | Serie B,GK,51
Mark Smith,Brentford | FL Championship,GK,51
René Robitsch,Wolfsberger AC | A. Bundesliga,GK,51
Jonathan Diba,Rochdale | Football League,GK,51
Juan Ignacio Dobboletta,Fl. Varela | Primera División,GK,51
Sam Guthrie,Huddersfield | FL Championship,GK,51
Muhammed Burak Yıldız,Sivasspor | Süper Lig,GK,51
Runar Runarsson,FC Nordsjælland | Superliga,GK,51
Oswaldo Villada,Patriotas FC | Liga Postobón,GK,51
Thomas Hagelskjaer,Aarhus GF | None,GK,51
William Eskelinen,Hammarby IF | None,GK,51
Santiago Rodas,Al. Petrolera | Liga Postobón,GK,51
Matt Macey,Arsenal | Barclays PL,GK,51
John Hall,Adelaide United | A-League,GK,51
Mohammed Al Tawel,Al-Khaleej | ALJ League,GK,51
Andreas Hansen,Brøndby IF | Superliga,GK,51
Jacob Faye-Lund,Lillestrøm SK | Tippeligaen,GK,51
Zander Clark,St. Johnstone | Scottish Prem,GK,51
Jack Bonham,Brentford | FL Championship,GK,51
Lloyd Saxton,GIF Sundsvall | None,GK,51
Jonas Ueland Kolstad,FK Bodø/Glimt | Tippeligaen,GK,51
FakePlayer,FUT UNICEF | FUT UNICEF,GK,50
Marcus Kaligian,Melbourne City | A-League,GK,50
Bartosz Piotrowski,Pogoń Szczecin | Ekstraklasa,GK,50
David Perez,Wanderers | Camp. Scotiabank,GK,50
Maurice Schumacher,MSV Duisburg | None,GK,50
Dominik Reimann,Bor. Dortmund | Bundesliga,GK,50
Lucas Spinella,Melb. Victory | A-League,GK,50
Mateusz Abramowicz,Śląsk Wrocław | Ekstraklasa,GK,50
Federico Urraburo,San Martín de San Juan | None,GK,50
Ariel Bulasio,Aldosivi | None,GK,50
Mohammed Awaji,Al-Shabab | ALJ League,GK,50
Rodrigo García,Temperley | None,GK,50
Oliver Sail,Well. Phoenix | A-League,GK,50
Alexander Nybo,Hobro IK | Superliga,GK,50
Saad Al Saleh,Al-Raed | ALJ League,GK,50
Lee TaeHui,Incheon United | K LEAGUE,GK,50
Elliot Justham,Luton Town | Football League 2,GK,50
Max O&#39;Leary,Bristol City | Football League,GK,50
Ross Etheridge,Accrington | Football League 2,GK,50
Marko Soldo,Wolfsberger AC | A. Bundesliga,GK,50
Mohammad Al Barih,Al-Fateh | ALJ League,GK,50
Michał Szromnik,Dundee United | Scottish Prem,GK,50
Jonas Brammen,SC Paderborn | Bundesliga,GK,49
Kieran Preston,Bristol Rovers | None,GK,49
Jack Walton,Barnsley | Football League,GK,49
Shaun Rowley,Shrewsbury | Football League 2,GK,49
Tom Stewart,Morecambe | Football League 2,GK,49
Brendan Moore,Fleetwood Town | Football League,GK,49
Joaquín Papaleo,Unión Santa Fe | None,GK,49
Shaun Patton,Derry City | Airtricity League,GK,49
Devlin Mackay,Kilmarnock | Scottish Prem,GK,49
Edoardo Tognazzi,Brescia | Serie B,GK,49
Michael Kelly,Shamrock Rovers | Airtricity League,GK,49
Dylan Connolly,Drogheda Utd | Airtricity League,GK,49
Conor O&#39;Malley,St. Pats | Airtricity League,GK,49
Kang Hyun Moo,Pohang Steelers | K LEAGUE,GK,49
Matteo Malagoli,Bologna | Serie B,GK,49
Charlie Burns,MK Dons | Football League,GK,49
Peter Denton,Hartlepool | Football League 2,GK,48
Ben Kelly,Dundalk | Airtricity League,GK,48
Sebastián Arango,Boyacá Chicó | Liga Postobón,GK,48
Jack Stevens,Oxford United | Football League 2,GK,48
Jafeb Bonilla,Uniautónoma FC | Liga Postobón,GK,48
Harry Lewis,Shrewsbury | Football League 2,GK,48
Alberto Iglio,Cesena | Serie A,GK,48
Alan Smith,Cork City | Airtricity League,GK,48
Sean Fogarty,Bray Wanderers | Airtricity League,GK,47
Corey Chambers,Bray Wanderers | Airtricity League,GK,47
Daniel Henderson,Longford Town | None,GK,47
Mathew Hudson,Preston | Football League,GK,47
Manuel Loaiza,Deportivo Cali | Liga Postobón,GK,47
Dean Mahon,Bohemians FC | Airtricity League,GK,47
Sam Hornby,Burton Albion | Football League 2,GK,46
Connor Johns,Swindon Town | Football League,GK,46
Adam Bishop,Mansfield Town | Football League 2,GK,46
Dion Henry,Peterborough | Football League,GK,46
Javi Pita,CD Lugo | Liga Adelante,GK,46
Kevin Horgan,Galway United | None,GK,45
Chandler Hallwood,Bradford City | Football League,GK,45
Evin Farrell,Drogheda Utd | Airtricity League,GK,45
Samuel McDermid,Cambridge Utd | Football League 2,GK,44
Lewis Moore,Dagenham | Football League 2,GK,44
Ben Jackson,Stevenage | Football League 2,GK,44
Kai McKenzie-Lyle,Barnet | None,GK,44
Sam Sargeant,Leyton Orient | Football League,GK,44
Liam Gooch,Luton Town | Football League 2,GK,44
